clip_id,take_id,baseline_id,genre,speaker_id,age_band,accent,gender,fluency_profile,base_condition,added_condition,flaw_codes,categories,max_level,n_regions,duration_s,split,labels_from,licence,sha256,origin,register,synthetic_voice,multi_set
B01-CHAMP_C0,B01-CHAMP,B01,interpretive reading,CHAMP,26-45,American,F,typical,C0,,,,0,0,64.4905,train,generator,see LICENSES.md,bee303d7bb86dd4b2ae1930ac4764787b6b26987d5603984a6d0ffb12f46c9e1,American (Napa),neutral,False,
B02-CHAMP_C0,B02-CHAMP,B02,interpretive reading,CHAMP,26-45,English,M,typical,C0,,,,0,0,60.8479,train,generator,see LICENSES.md,9938ac4353f9c06e2afb470a4f94f4eac7ad656ea47b8fdd6d2faa869a1f4542,English (Cumbria),neutral,False,
B03-CHAMP_C0,B03-CHAMP,B03,interpretive reading,CHAMP,18-25,Indian,M,typical,C0,,,,0,0,62.1779,dev,generator,see LICENSES.md,e3949e814db7f808ef62357603dbfcd832ac09325e946fa1ddaf064f24e30206,Indian,neutral,False,
B04-CHAMP_C0,B04-CHAMP,B04,interpretive reading,CHAMP,18-25,Irish,F,typical,C0,,,,0,0,61.1668,train,generator,see LICENSES.md,1f516e7518f930c5bf967edfb911dbf2cf9aac9caa2bec0e58fe2bc37f66876a,Irish (Cork),neutral,False,
B05-CHAMP_C0,B05-CHAMP,B05,interpretive reading,CHAMP,18-25,Indian,F,typical,C0,,,,0,0,62.0288,test,generator,see LICENSES.md,c7fa37e5e72c7b3ddbf6bb3a61cddada3451db2969312c026065fe0750d06d13,Indian,neutral,False,
B06-CHAMP_C0,B06-CHAMP,B06,interpretive reading,CHAMP,26-45,Australian,M,typical,C0,,,,0,0,63.0125,train,generator,see LICENSES.md,8f2925cd2d44f90df07739df6a3a79980cb5467ec8e428bcdcf874cf20b550bf,Australian (English Sydney),neutral,False,
B07-CHAMP_C0,B07-CHAMP,B07,interpretive reading,CHAMP,18-25,American,M,typical,C0,,,,0,0,60.5349,train,generator,see LICENSES.md,377265f5e6f20949d394aa5b1f430c4ee17e0b7b51aa8444580d7db297eb6dda,American (Florida),neutral,False,
B08-CHAMP_C0,B08-CHAMP,B08,interpretive reading,CHAMP,26-45,SouthAfrican,F,typical,C0,,,,0,0,62.7392,test,generator,see LICENSES.md,325ed36665c8c1f2cb0df009b91d5cf0b46e5cf1012b2c5baa03b23fd3b53d77,SouthAfrican (Cape Town),neutral,False,
B09-CHAMP_C0,B09-CHAMP,B09,persuasive oratory,CHAMP,26-45,American (New England),M,typical,C0,,,,0,0,66.0,extra,generator,see LICENSES.md,4d49057240de8531c1bb7df6f23f440674641d9d387d461fda86ce7af3c930b1,American (Massachusetts),formal oratory,False,
B10-CHAMP_C0,B10-CHAMP,B10,persuasive oratory,CHAMP,26-45,American (New England),M,typical,C0,,,,0,0,62.1,extra,generator,see LICENSES.md,e8f773e05d9a0de857ca9a24e43c735c03882da048a639e2b0aec9e19c3bd216,American (Massachusetts),formal oratory,False,
B01-CHAMP_C0__EMPH_FLAT_L1_s1691,B01-CHAMP,B01,interpretive reading,CHAMP,26-45,American,F,typical,C0,,EMPH_FLAT,Intonation,1,2,64.0811,train,generator,see LICENSES.md,59ffd64ec8fdc89522ccf0e1e4485b20964322c4d286126b057dcebdc8164d94,American (Napa),neutral,False,
B01-CHAMP_C0__EMPH_FLAT_L2_s1691,B01-CHAMP,B01,interpretive reading,CHAMP,26-45,American,F,typical,C0,,EMPH_FLAT,Intonation,2,2,64.0455,train,generator,see LICENSES.md,a8a1c332037dcd0bf9f5a8e4d6853203f5b4993eae03695985dba57585b95cd5,American (Napa),neutral,False,
B01-CHAMP_C0__EMPH_FLAT_L3_s1691,B01-CHAMP,B01,interpretive reading,CHAMP,26-45,American,F,typical,C0,,EMPH_FLAT,Intonation,3,2,63.9884,train,generator,see LICENSES.md,078da5139a81d885d265fb34bb80377d1b9097ae7a697464d87c1e825c100303,American (Napa),neutral,False,
B01-CHAMP_C0__EMPH_FLAT_L4_s1691,B01-CHAMP,B01,interpretive reading,CHAMP,26-45,American,F,typical,C0,,EMPH_FLAT,Intonation,4,2,63.9317,train,generator,see LICENSES.md,4016540e84223dc5c82330b09d2a4b305a4b1cb0002199cf3e8df8323bd88bdc,American (Napa),neutral,False,
B01-CHAMP_C0__EMPH_FLAT_L5_s1691,B01-CHAMP,B01,interpretive reading,CHAMP,26-45,American,F,typical,C0,,EMPH_FLAT,Intonation,5,2,63.8927,train,generator,see LICENSES.md,3ac360a76f4c4f37487576ddc956890f9faef19de3dff60fda1e380684a8fbd2,American (Napa),neutral,False,
B01-CHAMP_C0__FADE_L1_s3464,B01-CHAMP,B01,interpretive reading,CHAMP,26-45,American,F,typical,C0,,FADE,Volume,1,1,64.4469,train,generator,see LICENSES.md,822efd3cab5e74fba9f05a390bc0a5d65619caadedf399536e845e212c1b87c6,American (Napa),neutral,False,
B01-CHAMP_C0__FADE_L2_s3464,B01-CHAMP,B01,interpretive reading,CHAMP,26-45,American,F,typical,C0,,FADE,Volume,2,1,64.4469,train,generator,see LICENSES.md,4d24b63900cf67b231eae397b8403327abc6722936e0819d964b571cd3c7912a,American (Napa),neutral,False,
B01-CHAMP_C0__FADE_L3_s3464,B01-CHAMP,B01,interpretive reading,CHAMP,26-45,American,F,typical,C0,,FADE,Volume,3,1,64.4469,train,generator,see LICENSES.md,6550546582729debf6c0f5aa141a01cece9b5ecfe7952c41fca6e8a4b68cd75d,American (Napa),neutral,False,
B01-CHAMP_C0__FADE_L4_s3464,B01-CHAMP,B01,interpretive reading,CHAMP,26-45,American,F,typical,C0,,FADE,Volume,4,1,64.4469,train,generator,see LICENSES.md,5fd4771186f284de82118eafe1945b8618ac7b1d621e8a5c7953d97449b86061,American (Napa),neutral,False,
B01-CHAMP_C0__FADE_L5_s3464,B01-CHAMP,B01,interpretive reading,CHAMP,26-45,American,F,typical,C0,,FADE,Volume,5,1,64.4469,train,generator,see LICENSES.md,abf18fdf52d1d4f2ead36ba54ea519845bda589c4713f8ce7428f60fc9288a03,American (Napa),neutral,False,
B01-CHAMP_C0__FILLER_L1_s4985,B01-CHAMP,B01,interpretive reading,CHAMP,26-45,American,F,typical,C0,,FILLER,Fluency,1,2,65.3948,train,generator,see LICENSES.md,4445a618e992cb95a1d7e39e97e4aa93e4330ba60ea05e969fe1502587d6528d,American (Napa),neutral,False,
B01-CHAMP_C0__FILLER_L2_s4985,B01-CHAMP,B01,interpretive reading,CHAMP,26-45,American,F,typical,C0,,FILLER,Fluency,2,4,66.3105,train,generator,see LICENSES.md,bead8b7719c6b42b8eaf4ab4916700e7e6e16c5382504a3281114e06c3462169,American (Napa),neutral,False,
B01-CHAMP_C0__FILLER_L3_s4985,B01-CHAMP,B01,interpretive reading,CHAMP,26-45,American,F,typical,C0,,FILLER,Fluency,3,6,67.1429,train,generator,see LICENSES.md,616c8474ac876030d909fdb4f83582795ec7b9b83fa7b6ee4cd4fb8408a566c5,American (Napa),neutral,False,
B01-CHAMP_C0__FILLER_L4_s4985,B01-CHAMP,B01,interpretive reading,CHAMP,26-45,American,F,typical,C0,,FILLER,Fluency,4,10,68.6424,train,generator,see LICENSES.md,7bc27fad82db38ae9708b3e781bd66edccf8bfcdf7db7044c5b8811be4e89578,American (Napa),neutral,False,
B01-CHAMP_C0__FILLER_L5_s4985,B01-CHAMP,B01,interpretive reading,CHAMP,26-45,American,F,typical,C0,,FILLER,Fluency,5,17,71.8658,train,generator,see LICENSES.md,f8e9e235ddb0271b1db22e65999587fcca03d7976f317ae1493a69d5b2493244,American (Napa),neutral,False,
B01-CHAMP_C0__MONOTONE_L1_s8431,B01-CHAMP,B01,interpretive reading,CHAMP,26-45,American,F,typical,C0,,MONOTONE,Intonation,1,1,64.4442,train,generator,see LICENSES.md,c4e6aef46c9a4baef19d8f206ccf18b734797c031f03867246cd5f982ebe00e7,American (Napa),neutral,False,
B01-CHAMP_C0__MONOTONE_L2_s8431,B01-CHAMP,B01,interpretive reading,CHAMP,26-45,American,F,typical,C0,,MONOTONE,Intonation,2,1,64.4468,train,generator,see LICENSES.md,96cfcd63fafaf9c04681eebffce36bfa5e827c47541e5c71a1e65453729ee802,American (Napa),neutral,False,
B01-CHAMP_C0__MONOTONE_L3_s8431,B01-CHAMP,B01,interpretive reading,CHAMP,26-45,American,F,typical,C0,,MONOTONE,Intonation,3,1,64.4491,train,generator,see LICENSES.md,56ace68264617d19a1ca93b781f16db024bc12395c84b84dd7c88393ff4371ec,American (Napa),neutral,False,
B01-CHAMP_C0__MONOTONE_L4_s8431,B01-CHAMP,B01,interpretive reading,CHAMP,26-45,American,F,typical,C0,,MONOTONE,Intonation,4,1,64.4463,train,generator,see LICENSES.md,52004a227fc66b250b46fd7823d9fd3a5ce2a2f5660d0b798a849c9ca8446fe3,American (Napa),neutral,False,
B01-CHAMP_C0__MONOTONE_L5_s8431,B01-CHAMP,B01,interpretive reading,CHAMP,26-45,American,F,typical,C0,,MONOTONE,Intonation,5,1,64.4451,train,generator,see LICENSES.md,d453425724270cba1a7ea229a63934ecf1962f70912bd3e5deefde6bcf7df217,American (Napa),neutral,False,
B01-CHAMP_C0__MULTI1_L3_s9951,B01-CHAMP,B01,interpretive reading,CHAMP,26-45,American,F,typical,C0,,FADE|PACE_FAST,Pacing|Volume,3,2,63.6864,train,generator,see LICENSES.md,3ef0c5a46c872ed9cc0becef632c608977395c8b31448992a10a0ec21f603bed,American (Napa),neutral,False,PACE_FAST|FADE
B01-CHAMP_C0__MULTI2_L3_s5861,B01-CHAMP,B01,interpretive reading,CHAMP,26-45,American,F,typical,C0,,MONOTONE|PAUSE_BAD,Intonation|Pausing,3,2,65.4024,train,generator,see LICENSES.md,661a86a8145e61e8850a1487678a2890e9ac8b4f5ef61f77c0bce803d84a2b82,American (Napa),neutral,False,PAUSE_BAD|MONOTONE
B01-CHAMP_C0__MULTI3_L3_s4211,B01-CHAMP,B01,interpretive reading,CHAMP,26-45,American,F,typical,C0,,FILLER|SLUR|UPTALK,Clarity|Fluency|Intonation,3,4,64.7561,train,generator,see LICENSES.md,72bf15eb1a86c2369ed09f4178fd0f4907479606d65578f86110e0d7f622d530,American (Napa),neutral,False,FILLER|UPTALK|SLUR
B01-CHAMP_C0__MULTI4_L3_s4704,B01-CHAMP,B01,interpretive reading,CHAMP,26-45,American,F,typical,C0,,EMPH_FLAT|PACE_SLOW|SHOUT,Intonation|Pacing|Volume,3,3,64.9812,train,generator,see LICENSES.md,a6d673b4b39681f49bc7cd9f2a856358659a91ca5748ae00874e61c2b6332480,American (Napa),neutral,False,EMPH_FLAT|PACE_SLOW|SHOUT
B01-CHAMP_C0__MULTI5_L3_s7878,B01-CHAMP,B01,interpretive reading,CHAMP,26-45,American,F,typical,C0,,RARE_HESIT|REPEAT|WORD_SWAP,Fluency|Text fidelity,3,6,65.7672,train,generator,see LICENSES.md,9b2d37c8f3a6d06c50085ff41d5fca4392a11ea06701c1803ff99d5cf897f978,American (Napa),neutral,False,REPEAT|RARE_HESIT|WORD_SWAP
B01-CHAMP_C0__PACE_FAST_L1_s7111,B01-CHAMP,B01,interpretive reading,CHAMP,26-45,American,F,typical,C0,,PACE_FAST,Pacing,1,1,64.409,train,generator,see LICENSES.md,a338ca66b02e880d65ef7a4253aec6378db6358216549312f0d0a69471b41219,American (Napa),neutral,False,
B01-CHAMP_C0__PACE_FAST_L2_s7111,B01-CHAMP,B01,interpretive reading,CHAMP,26-45,American,F,typical,C0,,PACE_FAST,Pacing,2,1,64.0322,train,generator,see LICENSES.md,2281e617b1ad518fd2565bcfd37fd2d94e410d772621f400e4a24f8e5237a39d,American (Napa),neutral,False,
B01-CHAMP_C0__PACE_FAST_L3_s7111,B01-CHAMP,B01,interpretive reading,CHAMP,26-45,American,F,typical,C0,,PACE_FAST,Pacing,3,1,63.8528,train,generator,see LICENSES.md,062fce2f308acd14a67dc40b62b68985e34d02e83e656606422d4c9752c062ce,American (Napa),neutral,False,
B01-CHAMP_C0__PACE_FAST_L4_s7111,B01-CHAMP,B01,interpretive reading,CHAMP,26-45,American,F,typical,C0,,PACE_FAST,Pacing,4,1,63.6452,train,generator,see LICENSES.md,efec874309e5a23491516ecd9e8f75ea71d7007f01f2a53a4829230b47459b01,American (Napa),neutral,False,
B01-CHAMP_C0__PACE_FAST_L5_s7111,B01-CHAMP,B01,interpretive reading,CHAMP,26-45,American,F,typical,C0,,PACE_FAST,Pacing,5,1,63.5034,train,generator,see LICENSES.md,3f4710b35a1a69998e5a376287bdf854584853183894fe6dec5e255a79765e5f,American (Napa),neutral,False,
B01-CHAMP_C0__PACE_SLOW_L1_s4414,B01-CHAMP,B01,interpretive reading,CHAMP,26-45,American,F,typical,C0,,PACE_SLOW,Pacing,1,2,64.9305,train,generator,see LICENSES.md,c0910ec8c64bb5e542944461a632f2d61139383191101730cb793b6895c47823,American (Napa),neutral,False,
B01-CHAMP_C0__PACE_SLOW_L2_s4414,B01-CHAMP,B01,interpretive reading,CHAMP,26-45,American,F,typical,C0,,PACE_SLOW,Pacing,2,2,65.5881,train,generator,see LICENSES.md,6f52cf912876e172d6dd9b7021d505869f43b47d7989b1dd498e9e18093525ff,American (Napa),neutral,False,
B01-CHAMP_C0__PACE_SLOW_L3_s4414,B01-CHAMP,B01,interpretive reading,CHAMP,26-45,American,F,typical,C0,,PACE_SLOW,Pacing,3,2,66.3975,train,generator,see LICENSES.md,dfccbbcff5d3595ab62a7cc87ee5c0f9c4cb68777e8a419acf5349651b5b352b,American (Napa),neutral,False,
B01-CHAMP_C0__PACE_SLOW_L4_s4414,B01-CHAMP,B01,interpretive reading,CHAMP,26-45,American,F,typical,C0,,PACE_SLOW,Pacing,4,2,67.5098,train,generator,see LICENSES.md,44ee194eec50c6bce76d8d024850fcc8273c92c35a906ab0a28b132da2ae6ade,American (Napa),neutral,False,
B01-CHAMP_C0__PACE_SLOW_L5_s4414,B01-CHAMP,B01,interpretive reading,CHAMP,26-45,American,F,typical,C0,,PACE_SLOW,Pacing,5,2,68.3111,train,generator,see LICENSES.md,d2bce7a598a4e4f41a19777afdbb92f7246e612328caef28ed6053109c7c5095,American (Napa),neutral,False,
B01-CHAMP_C0__PAUSE_BAD_L1_s3821,B01-CHAMP,B01,interpretive reading,CHAMP,26-45,American,F,typical,C0,,PAUSE_BAD,Pausing,1,3,64.9753,train,generator,see LICENSES.md,f622a0d63af0efd5ac46811afc56e88faa7e934937908350353198769b795f8f,American (Napa),neutral,False,
B01-CHAMP_C0__PAUSE_BAD_L2_s3821,B01-CHAMP,B01,interpretive reading,CHAMP,26-45,American,F,typical,C0,,PAUSE_BAD,Pausing,2,3,65.5906,train,generator,see LICENSES.md,3447ec37316eaed57edaa81dbc844b2985768f8c13353fc2a09fd948dd8beb0a,American (Napa),neutral,False,
B01-CHAMP_C0__PAUSE_BAD_L3_s3821,B01-CHAMP,B01,interpretive reading,CHAMP,26-45,American,F,typical,C0,,PAUSE_BAD,Pausing,3,3,66.3909,train,generator,see LICENSES.md,4e0e44f9c2c0b1f1a394d4eb7a35d21694f444c4a1b0f116dfea78f716b817f8,American (Napa),neutral,False,
B01-CHAMP_C0__PAUSE_BAD_L4_s3821,B01-CHAMP,B01,interpretive reading,CHAMP,26-45,American,F,typical,C0,,PAUSE_BAD,Pausing,4,3,67.6046,train,generator,see LICENSES.md,b6757e4e2844d2e87cec6d0823a4bb507d9f218f5f4515896c639176574a1ed8,American (Napa),neutral,False,
B01-CHAMP_C0__PAUSE_BAD_L5_s3821,B01-CHAMP,B01,interpretive reading,CHAMP,26-45,American,F,typical,C0,,PAUSE_BAD,Pausing,5,3,69.4111,train,generator,see LICENSES.md,7c45a1aa4087b4f121b80bde277ce7887f7f1582bec6b8b46b4bc4db353d78ff,American (Napa),neutral,False,
B01-CHAMP_C0__PAUSE_LOST_L1_s5923,B01-CHAMP,B01,interpretive reading,CHAMP,26-45,American,F,typical,C0,,PAUSE_LOST,Pausing,1,1,64.391,train,generator,see LICENSES.md,284c549380b674b7b9171e64cd4f1e404d4c904a65f35898496369392972327d,American (Napa),neutral,False,
B01-CHAMP_C0__PAUSE_LOST_L2_s5923,B01-CHAMP,B01,interpretive reading,CHAMP,26-45,American,F,typical,C0,,PAUSE_LOST,Pausing,2,1,64.3182,train,generator,see LICENSES.md,222af033337f97f172625e200b0b6b4e725f02b6f094c0f4ff45d77e1a0a8b15,American (Napa),neutral,False,
B01-CHAMP_C0__PAUSE_LOST_L3_s5923,B01-CHAMP,B01,interpretive reading,CHAMP,26-45,American,F,typical,C0,,PAUSE_LOST,Pausing,3,1,64.2383,train,generator,see LICENSES.md,4ad972f8e38badda90803bd0fcece993ef7f4da1b0a16fe3365c071b87def4c7,American (Napa),neutral,False,
B01-CHAMP_C0__PAUSE_LOST_L4_s5923,B01-CHAMP,B01,interpretive reading,CHAMP,26-45,American,F,typical,C0,,PAUSE_LOST,Pausing,4,1,64.1649,train,generator,see LICENSES.md,058cdcacace2efa6ecc52f73daef1df6b50eeff277c4c4f463d500cbc16d7dbb,American (Napa),neutral,False,
B01-CHAMP_C0__PAUSE_LOST_L5_s5923,B01-CHAMP,B01,interpretive reading,CHAMP,26-45,American,F,typical,C0,,PAUSE_LOST,Pausing,5,1,64.1392,train,generator,see LICENSES.md,f4fb7a2f4b2086932239769ada511c93c01b4bb5f32d83c424c5025b89ac535f,American (Napa),neutral,False,
B01-CHAMP_C0__PURE_EMPH_FLAT_L1_s0301,B01-CHAMP,B01,interpretive reading,CHAMP,26-45,American,F,typical,C0,,EMPH_FLAT,Intonation,1,2,64.2888,train,generator,see LICENSES.md,164e11d6fd9043fdd4fce1ebfb7fd4ef1a61380b9335242ba3a0801c488473c5,American (Napa),neutral,False,
B01-CHAMP_C0__PURE_EMPH_FLAT_L2_s0301,B01-CHAMP,B01,interpretive reading,CHAMP,26-45,American,F,typical,C0,,EMPH_FLAT,Intonation,2,2,64.2888,train,generator,see LICENSES.md,9414887a95ffd11b7761ad3bf454295e07d92fe7e2887df0c941f6b3f44c97f7,American (Napa),neutral,False,
B01-CHAMP_C0__PURE_EMPH_FLAT_L3_s0301,B01-CHAMP,B01,interpretive reading,CHAMP,26-45,American,F,typical,C0,,EMPH_FLAT,Intonation,3,2,64.2826,train,generator,see LICENSES.md,86aa71151d3687691d017371ec5bf8a644f189dbf72d1fdff0cb0528a696e959,American (Napa),neutral,False,
B01-CHAMP_C0__PURE_EMPH_FLAT_L4_s0301,B01-CHAMP,B01,interpretive reading,CHAMP,26-45,American,F,typical,C0,,EMPH_FLAT,Intonation,4,2,64.288,train,generator,see LICENSES.md,578baafd4f9c961f58863ce0d5010862bb4944b7534f9a43a19d00207bb5f6cf,American (Napa),neutral,False,
B01-CHAMP_C0__PURE_EMPH_FLAT_L5_s0301,B01-CHAMP,B01,interpretive reading,CHAMP,26-45,American,F,typical,C0,,EMPH_FLAT,Intonation,5,2,64.2884,train,generator,see LICENSES.md,048716619c65d4e6b0e104cf3f69a8cd312463bbab0f5a77dcd8ea31d427ec97,American (Napa),neutral,False,
B01-CHAMP_C0__PURE_FADE_L1_s7160,B01-CHAMP,B01,interpretive reading,CHAMP,26-45,American,F,typical,C0,,FADE,Volume,1,1,64.4469,train,generator,see LICENSES.md,822efd3cab5e74fba9f05a390bc0a5d65619caadedf399536e845e212c1b87c6,American (Napa),neutral,False,
B01-CHAMP_C0__PURE_FADE_L2_s7160,B01-CHAMP,B01,interpretive reading,CHAMP,26-45,American,F,typical,C0,,FADE,Volume,2,1,64.4469,train,generator,see LICENSES.md,4d24b63900cf67b231eae397b8403327abc6722936e0819d964b571cd3c7912a,American (Napa),neutral,False,
B01-CHAMP_C0__PURE_FADE_L3_s7160,B01-CHAMP,B01,interpretive reading,CHAMP,26-45,American,F,typical,C0,,FADE,Volume,3,1,64.4469,train,generator,see LICENSES.md,6550546582729debf6c0f5aa141a01cece9b5ecfe7952c41fca6e8a4b68cd75d,American (Napa),neutral,False,
B01-CHAMP_C0__PURE_FADE_L4_s7160,B01-CHAMP,B01,interpretive reading,CHAMP,26-45,American,F,typical,C0,,FADE,Volume,4,1,64.4469,train,generator,see LICENSES.md,5fd4771186f284de82118eafe1945b8618ac7b1d621e8a5c7953d97449b86061,American (Napa),neutral,False,
B01-CHAMP_C0__PURE_FADE_L5_s7160,B01-CHAMP,B01,interpretive reading,CHAMP,26-45,American,F,typical,C0,,FADE,Volume,5,1,64.4469,train,generator,see LICENSES.md,abf18fdf52d1d4f2ead36ba54ea519845bda589c4713f8ce7428f60fc9288a03,American (Napa),neutral,False,
B01-CHAMP_C0__PURE_FILLER_L1_s6677,B01-CHAMP,B01,interpretive reading,CHAMP,26-45,American,F,typical,C0,,FILLER,Fluency,1,2,65.3948,train,generator,see LICENSES.md,4445a618e992cb95a1d7e39e97e4aa93e4330ba60ea05e969fe1502587d6528d,American (Napa),neutral,False,
B01-CHAMP_C0__PURE_FILLER_L2_s6677,B01-CHAMP,B01,interpretive reading,CHAMP,26-45,American,F,typical,C0,,FILLER,Fluency,2,4,66.3105,train,generator,see LICENSES.md,bead8b7719c6b42b8eaf4ab4916700e7e6e16c5382504a3281114e06c3462169,American (Napa),neutral,False,
B01-CHAMP_C0__PURE_FILLER_L3_s6677,B01-CHAMP,B01,interpretive reading,CHAMP,26-45,American,F,typical,C0,,FILLER,Fluency,3,6,67.1429,train,generator,see LICENSES.md,616c8474ac876030d909fdb4f83582795ec7b9b83fa7b6ee4cd4fb8408a566c5,American (Napa),neutral,False,
B01-CHAMP_C0__PURE_FILLER_L4_s6677,B01-CHAMP,B01,interpretive reading,CHAMP,26-45,American,F,typical,C0,,FILLER,Fluency,4,10,68.6424,train,generator,see LICENSES.md,7bc27fad82db38ae9708b3e781bd66edccf8bfcdf7db7044c5b8811be4e89578,American (Napa),neutral,False,
B01-CHAMP_C0__PURE_FILLER_L5_s6677,B01-CHAMP,B01,interpretive reading,CHAMP,26-45,American,F,typical,C0,,FILLER,Fluency,5,17,71.8658,train,generator,see LICENSES.md,f8e9e235ddb0271b1db22e65999587fcca03d7976f317ae1493a69d5b2493244,American (Napa),neutral,False,
B01-CHAMP_C0__PURE_MONOTONE_L1_s8063,B01-CHAMP,B01,interpretive reading,CHAMP,26-45,American,F,typical,C0,,MONOTONE,Intonation,1,1,64.4442,train,generator,see LICENSES.md,c4e6aef46c9a4baef19d8f206ccf18b734797c031f03867246cd5f982ebe00e7,American (Napa),neutral,False,
B01-CHAMP_C0__PURE_MONOTONE_L2_s8063,B01-CHAMP,B01,interpretive reading,CHAMP,26-45,American,F,typical,C0,,MONOTONE,Intonation,2,1,64.4468,train,generator,see LICENSES.md,96cfcd63fafaf9c04681eebffce36bfa5e827c47541e5c71a1e65453729ee802,American (Napa),neutral,False,
B01-CHAMP_C0__PURE_MONOTONE_L3_s8063,B01-CHAMP,B01,interpretive reading,CHAMP,26-45,American,F,typical,C0,,MONOTONE,Intonation,3,1,64.4491,train,generator,see LICENSES.md,56ace68264617d19a1ca93b781f16db024bc12395c84b84dd7c88393ff4371ec,American (Napa),neutral,False,
B01-CHAMP_C0__PURE_MONOTONE_L4_s8063,B01-CHAMP,B01,interpretive reading,CHAMP,26-45,American,F,typical,C0,,MONOTONE,Intonation,4,1,64.4463,train,generator,see LICENSES.md,52004a227fc66b250b46fd7823d9fd3a5ce2a2f5660d0b798a849c9ca8446fe3,American (Napa),neutral,False,
B01-CHAMP_C0__PURE_MONOTONE_L5_s8063,B01-CHAMP,B01,interpretive reading,CHAMP,26-45,American,F,typical,C0,,MONOTONE,Intonation,5,1,64.4451,train,generator,see LICENSES.md,d453425724270cba1a7ea229a63934ecf1962f70912bd3e5deefde6bcf7df217,American (Napa),neutral,False,
B01-CHAMP_C0__PURE_PACE_FAST_L1_s0497,B01-CHAMP,B01,interpretive reading,CHAMP,26-45,American,F,typical,C0,,PACE_FAST,Pacing,1,1,64.2291,train,generator,see LICENSES.md,ee8e95ebfed6de68c43a259334153679774d6e5f22019cd4a8bc4a8b242a939c,American (Napa),neutral,False,
B01-CHAMP_C0__PURE_PACE_FAST_L2_s0497,B01-CHAMP,B01,interpretive reading,CHAMP,26-45,American,F,typical,C0,,PACE_FAST,Pacing,2,1,64.0415,train,generator,see LICENSES.md,75f8938fa81502eef3cea259280de7d7e160c83928015cc57ba6a503627f772d,American (Napa),neutral,False,
B01-CHAMP_C0__PURE_PACE_FAST_L3_s0497,B01-CHAMP,B01,interpretive reading,CHAMP,26-45,American,F,typical,C0,,PACE_FAST,Pacing,3,1,63.826,train,generator,see LICENSES.md,290689bb7fbd614ef418695361ac8d65cfe406da9d1894ae431c8a707b93b41b,American (Napa),neutral,False,
B01-CHAMP_C0__PURE_PACE_FAST_L4_s0497,B01-CHAMP,B01,interpretive reading,CHAMP,26-45,American,F,typical,C0,,PACE_FAST,Pacing,4,1,63.6429,train,generator,see LICENSES.md,ac38571c52f420e27ff94eb3150d2857e1fbcdb6b745b0452648c94079748120,American (Napa),neutral,False,
B01-CHAMP_C0__PURE_PACE_FAST_L5_s0497,B01-CHAMP,B01,interpretive reading,CHAMP,26-45,American,F,typical,C0,,PACE_FAST,Pacing,5,1,63.4087,train,generator,see LICENSES.md,87b8fefd83d65399e56a0e19f1bafeb188cf0faf8b013951dcd628a7adca92e5,American (Napa),neutral,False,
B01-CHAMP_C0__PURE_PACE_SLOW_L1_s4088,B01-CHAMP,B01,interpretive reading,CHAMP,26-45,American,F,typical,C0,,PACE_SLOW,Pacing,1,2,64.8958,train,generator,see LICENSES.md,9fcf437cdb9415a274c67393eb8ed7da4a800cdda6e84f50b514755d5c13737d,American (Napa),neutral,False,
B01-CHAMP_C0__PURE_PACE_SLOW_L2_s4088,B01-CHAMP,B01,interpretive reading,CHAMP,26-45,American,F,typical,C0,,PACE_SLOW,Pacing,2,2,65.5273,train,generator,see LICENSES.md,f344cb31f395ebe2fd257371d42b6467a1f46b29629bd988f1a61d2937a58f1c,American (Napa),neutral,False,
B01-CHAMP_C0__PURE_PACE_SLOW_L3_s4088,B01-CHAMP,B01,interpretive reading,CHAMP,26-45,American,F,typical,C0,,PACE_SLOW,Pacing,3,2,66.3397,train,generator,see LICENSES.md,3c6d74f0dabe6974ec3238c7ede805b64ffb337ca0ca9b145869688766ed3062,American (Napa),neutral,False,
B01-CHAMP_C0__PURE_PACE_SLOW_L4_s4088,B01-CHAMP,B01,interpretive reading,CHAMP,26-45,American,F,typical,C0,,PACE_SLOW,Pacing,4,2,67.4122,train,generator,see LICENSES.md,b28401f19906dda24a231ab6f1a29e996651530754a4e3a68da52521619b967f,American (Napa),neutral,False,
B01-CHAMP_C0__PURE_PACE_SLOW_L5_s4088,B01-CHAMP,B01,interpretive reading,CHAMP,26-45,American,F,typical,C0,,PACE_SLOW,Pacing,5,2,68.94,train,generator,see LICENSES.md,5e0bba39f8cebab669649a9e9d03082780f0dffdc084840f70526a0afc3f4c2b,American (Napa),neutral,False,
B01-CHAMP_C0__PURE_PAUSE_BAD_L1_s5979,B01-CHAMP,B01,interpretive reading,CHAMP,26-45,American,F,typical,C0,,PAUSE_BAD,Pausing,1,2,64.9902,train,generator,see LICENSES.md,b7cc0ef6b304ee3c1fcaf43545ce0f69dc8533909aade6f1f17a1009a0cf2d85,American (Napa),neutral,False,
B01-CHAMP_C0__PURE_PAUSE_BAD_L2_s5979,B01-CHAMP,B01,interpretive reading,CHAMP,26-45,American,F,typical,C0,,PAUSE_BAD,Pausing,2,2,65.5988,train,generator,see LICENSES.md,20214fde48502160a6a9e6232126d7201ace04f6259b0ba5ed7d992f89c1f8b3,American (Napa),neutral,False,
B01-CHAMP_C0__PURE_PAUSE_BAD_L3_s5979,B01-CHAMP,B01,interpretive reading,CHAMP,26-45,American,F,typical,C0,,PAUSE_BAD,Pausing,3,2,66.3889,train,generator,see LICENSES.md,776c82ff553b980fdd7ea80658a75a08158dc0ea26318a9f386b6f9f9bf4bb43,American (Napa),neutral,False,
B01-CHAMP_C0__PURE_PAUSE_BAD_L4_s5979,B01-CHAMP,B01,interpretive reading,CHAMP,26-45,American,F,typical,C0,,PAUSE_BAD,Pausing,4,2,67.5978,train,generator,see LICENSES.md,31e232cefd69db04bcf881e9287d00ea037ca7cfd1c432b93ab8dc896af2219d,American (Napa),neutral,False,
B01-CHAMP_C0__PURE_PAUSE_BAD_L5_s5979,B01-CHAMP,B01,interpretive reading,CHAMP,26-45,American,F,typical,C0,,PAUSE_BAD,Pausing,5,2,69.3927,train,generator,see LICENSES.md,ee1fc95050202a5d3bcb9613cc1af096fdb69ed77172e083a48be9baba1a998a,American (Napa),neutral,False,
B01-CHAMP_C0__PURE_PAUSE_LOST_L1_s6115,B01-CHAMP,B01,interpretive reading,CHAMP,26-45,American,F,typical,C0,,PAUSE_LOST,Pausing,1,1,64.391,train,generator,see LICENSES.md,284c549380b674b7b9171e64cd4f1e404d4c904a65f35898496369392972327d,American (Napa),neutral,False,
B01-CHAMP_C0__PURE_PAUSE_LOST_L2_s6115,B01-CHAMP,B01,interpretive reading,CHAMP,26-45,American,F,typical,C0,,PAUSE_LOST,Pausing,2,1,64.3182,train,generator,see LICENSES.md,222af033337f97f172625e200b0b6b4e725f02b6f094c0f4ff45d77e1a0a8b15,American (Napa),neutral,False,
B01-CHAMP_C0__PURE_PAUSE_LOST_L3_s6115,B01-CHAMP,B01,interpretive reading,CHAMP,26-45,American,F,typical,C0,,PAUSE_LOST,Pausing,3,1,64.2383,train,generator,see LICENSES.md,4ad972f8e38badda90803bd0fcece993ef7f4da1b0a16fe3365c071b87def4c7,American (Napa),neutral,False,
B01-CHAMP_C0__PURE_PAUSE_LOST_L4_s6115,B01-CHAMP,B01,interpretive reading,CHAMP,26-45,American,F,typical,C0,,PAUSE_LOST,Pausing,4,1,64.1649,train,generator,see LICENSES.md,058cdcacace2efa6ecc52f73daef1df6b50eeff277c4c4f463d500cbc16d7dbb,American (Napa),neutral,False,
B01-CHAMP_C0__PURE_PAUSE_LOST_L5_s6115,B01-CHAMP,B01,interpretive reading,CHAMP,26-45,American,F,typical,C0,,PAUSE_LOST,Pausing,5,1,64.1392,train,generator,see LICENSES.md,f4fb7a2f4b2086932239769ada511c93c01b4bb5f32d83c424c5025b89ac535f,American (Napa),neutral,False,
B01-CHAMP_C0__PURE_RARE_HESIT_L1_s8505,B01-CHAMP,B01,interpretive reading,CHAMP,26-45,American,F,typical,C0,,RARE_HESIT,Fluency,1,1,64.669,train,generator,see LICENSES.md,0579eb937cb3c483cfbd4c1f5c09db14a400928f8ff281d5b1397690d2fd23b6,American (Napa),neutral,False,
B01-CHAMP_C0__PURE_RARE_HESIT_L2_s8505,B01-CHAMP,B01,interpretive reading,CHAMP,26-45,American,F,typical,C0,,RARE_HESIT,Fluency,2,2,64.9544,train,generator,see LICENSES.md,a2fcadf1e33d31c35f8aa620507fd3397c9e16f7e9239efa356fd6a8063e04c6,American (Napa),neutral,False,
B01-CHAMP_C0__PURE_RARE_HESIT_L3_s8505,B01-CHAMP,B01,interpretive reading,CHAMP,26-45,American,F,typical,C0,,RARE_HESIT,Fluency,3,2,65.4916,train,generator,see LICENSES.md,12e58425aa14c2e6d9e3b74247dfd96d8d81adf3e6441580aa7386f1541ff09e,American (Napa),neutral,False,
B01-CHAMP_C0__PURE_RARE_HESIT_L4_s8505,B01-CHAMP,B01,interpretive reading,CHAMP,26-45,American,F,typical,C0,,RARE_HESIT,Fluency,4,2,65.8528,train,generator,see LICENSES.md,0d77db29fc118948ed83ef663f8bd82a913a69bde517d8f2aab7bfe656737ce2,American (Napa),neutral,False,
B01-CHAMP_C0__PURE_RARE_HESIT_L5_s8505,B01-CHAMP,B01,interpretive reading,CHAMP,26-45,American,F,typical,C0,,RARE_HESIT,Fluency,5,2,66.5225,train,generator,see LICENSES.md,a2fc028a81bb7072c47ff3ea34f7d9daa56cb767906c47facd9a083eee5cd87c,American (Napa),neutral,False,
B01-CHAMP_C0__PURE_REPEAT_L1_s3920,B01-CHAMP,B01,interpretive reading,CHAMP,26-45,American,F,typical,C0,,REPEAT,Fluency,1,1,64.7382,train,generator,see LICENSES.md,9cc915f3a4cbf6690bf1f168efb32f477e35d0b3cb8f759384df9313d5590984,American (Napa),neutral,False,
B01-CHAMP_C0__PURE_REPEAT_L2_s3920,B01-CHAMP,B01,interpretive reading,CHAMP,26-45,American,F,typical,C0,,REPEAT,Fluency,2,1,65.0609,train,generator,see LICENSES.md,49b576bf8f8b82669f7667fe2201d72c8b2c9866fdd91dd3baf46026c5b18960,American (Napa),neutral,False,
B01-CHAMP_C0__PURE_REPEAT_L3_s3920,B01-CHAMP,B01,interpretive reading,CHAMP,26-45,American,F,typical,C0,,REPEAT,Fluency,3,1,64.875,train,generator,see LICENSES.md,723091a77adc0d476228675806ab636223e307cb29d372881c183c534f1229ec,American (Napa),neutral,False,
B01-CHAMP_C0__PURE_REPEAT_L4_s3920,B01-CHAMP,B01,interpretive reading,CHAMP,26-45,American,F,typical,C0,,REPEAT,Fluency,4,1,65.3317,train,generator,see LICENSES.md,66c44d13a8fccd8202e915ed0a082f72841c3096037c1853ff741d1e5becd606,American (Napa),neutral,False,
B01-CHAMP_C0__PURE_REPEAT_L5_s3920,B01-CHAMP,B01,interpretive reading,CHAMP,26-45,American,F,typical,C0,,REPEAT,Fluency,5,1,66.2479,train,generator,see LICENSES.md,dd58d889eeefa9b51db178f0d0b79747782275630277d0858f1ae2615e2d46f7,American (Napa),neutral,False,
B01-CHAMP_C0__PURE_SHOUT_L1_s2638,B01-CHAMP,B01,interpretive reading,CHAMP,26-45,American,F,typical,C0,,SHOUT,Volume,1,1,64.4493,train,generator,see LICENSES.md,d1157881ff74467788d139ed315723e4301f222fed388d50b7a7d6bd3676c372,American (Napa),neutral,False,
B01-CHAMP_C0__PURE_SHOUT_L2_s2638,B01-CHAMP,B01,interpretive reading,CHAMP,26-45,American,F,typical,C0,,SHOUT,Volume,2,1,64.4493,train,generator,see LICENSES.md,ebe5dfad95893aa896c15c3afea200ba8e9160a0684715799747fedcd3dcaabe,American (Napa),neutral,False,
B01-CHAMP_C0__PURE_SHOUT_L3_s2638,B01-CHAMP,B01,interpretive reading,CHAMP,26-45,American,F,typical,C0,,SHOUT,Volume,3,1,64.4387,train,generator,see LICENSES.md,63cb154d0ddeb0eafb8f9b8839ee6ceb7315e99dbbb133aea14b937d99c7d45e,American (Napa),neutral,False,
B01-CHAMP_C0__PURE_SHOUT_L4_s2638,B01-CHAMP,B01,interpretive reading,CHAMP,26-45,American,F,typical,C0,,SHOUT,Volume,4,1,64.4387,train,generator,see LICENSES.md,c20481f8fb8546a62cb8cae9293d52cdafb6e401d4b1125af0e21b91481e7e1a,American (Napa),neutral,False,
B01-CHAMP_C0__PURE_SHOUT_L5_s2638,B01-CHAMP,B01,interpretive reading,CHAMP,26-45,American,F,typical,C0,,SHOUT,Volume,5,1,64.4387,train,generator,see LICENSES.md,5f0f078de449f19d0e0ca49e0521957120ceb53649079260be232f60c1095d47,American (Napa),neutral,False,
B01-CHAMP_C0__PURE_SLUR_L1_s7409,B01-CHAMP,B01,interpretive reading,CHAMP,26-45,American,F,typical,C0,,SLUR,Clarity,1,3,64.3474,train,generator,see LICENSES.md,fb8c2c779af0a3355c6bc570f64525b063f38aaa133b7a4c17a85b92506609d3,American (Napa),neutral,False,
B01-CHAMP_C0__PURE_SLUR_L2_s7409,B01-CHAMP,B01,interpretive reading,CHAMP,26-45,American,F,typical,C0,,SLUR,Clarity,2,3,64.3474,train,generator,see LICENSES.md,2aebab10df21754cc243d8be4ea42a6cb6b5cb7668c2cafe92c710957845a084,American (Napa),neutral,False,
B01-CHAMP_C0__PURE_SLUR_L3_s7409,B01-CHAMP,B01,interpretive reading,CHAMP,26-45,American,F,typical,C0,,SLUR,Clarity,3,3,64.3474,train,generator,see LICENSES.md,a1f6fecb4a1c87d9d2a839bb364fac096bb2f51facc7c2b8649370e306552868,American (Napa),neutral,False,
B01-CHAMP_C0__PURE_SLUR_L4_s7409,B01-CHAMP,B01,interpretive reading,CHAMP,26-45,American,F,typical,C0,,SLUR,Clarity,4,3,64.3474,train,generator,see LICENSES.md,341e3d75baf9bf62f25a8cb96916adf12babc2c9e39fb792fc5e0e1663dfce4d,American (Napa),neutral,False,
B01-CHAMP_C0__PURE_SLUR_L5_s7409,B01-CHAMP,B01,interpretive reading,CHAMP,26-45,American,F,typical,C0,,SLUR,Clarity,5,3,64.3474,train,generator,see LICENSES.md,afa20ae181744313bada1e272a07e345a43818c2b72a1750bca3ddad8c5f9a5d,American (Napa),neutral,False,
B01-CHAMP_C0__PURE_UPTALK_L1_s5705,B01-CHAMP,B01,interpretive reading,CHAMP,26-45,American,F,typical,C0,,UPTALK,Intonation,1,3,64.3576,train,generator,see LICENSES.md,2bff3b9b49779125cfbfd609db27a221b448cacda9da9471567ddf3c1dfd2109,American (Napa),neutral,False,
B01-CHAMP_C0__PURE_UPTALK_L2_s5705,B01-CHAMP,B01,interpretive reading,CHAMP,26-45,American,F,typical,C0,,UPTALK,Intonation,2,3,64.3647,train,generator,see LICENSES.md,b9c3b64787e5f6c8fc41692b6517c38248414d532f4d80d038b18c8d9e98d698,American (Napa),neutral,False,
B01-CHAMP_C0__PURE_UPTALK_L3_s5705,B01-CHAMP,B01,interpretive reading,CHAMP,26-45,American,F,typical,C0,,UPTALK,Intonation,3,3,64.3594,train,generator,see LICENSES.md,3fbe369c38fe6426220ec665996af0e64189f0226c1a53e5b7c97f4e11caf083,American (Napa),neutral,False,
B01-CHAMP_C0__PURE_UPTALK_L4_s5705,B01-CHAMP,B01,interpretive reading,CHAMP,26-45,American,F,typical,C0,,UPTALK,Intonation,4,3,64.362,train,generator,see LICENSES.md,cc0654643b0fe30684fcc4f72e9d544e673b713c23d547a8cb90dbcc39f56ea0,American (Napa),neutral,False,
B01-CHAMP_C0__PURE_UPTALK_L5_s5705,B01-CHAMP,B01,interpretive reading,CHAMP,26-45,American,F,typical,C0,,UPTALK,Intonation,5,3,64.3595,train,generator,see LICENSES.md,72284d1c7468bce392e218825441feb58a16d682386112dc476d7a248ec3e562,American (Napa),neutral,False,
B01-CHAMP_C0__PURE_WORD_SKIP_L1_s1980,B01-CHAMP,B01,interpretive reading,CHAMP,26-45,American,F,typical,C0,,WORD_SKIP,Text fidelity,1,1,64.241,train,generator,see LICENSES.md,d26e86f7f23828a72dc3ebe01199bd9e536023b207814f4d416fc3c0119d54a3,American (Napa),neutral,False,
B01-CHAMP_C0__PURE_WORD_SKIP_L2_s1980,B01-CHAMP,B01,interpretive reading,CHAMP,26-45,American,F,typical,C0,,WORD_SKIP,Text fidelity,2,2,64.0417,train,generator,see LICENSES.md,612e932e8eb492fd2cb2135bf1d392d4809f4eba3e2d6d470d9ff7c54f89e5f2,American (Napa),neutral,False,
B01-CHAMP_C0__PURE_WORD_SKIP_L3_s1980,B01-CHAMP,B01,interpretive reading,CHAMP,26-45,American,F,typical,C0,,WORD_SKIP,Text fidelity,3,3,63.8268,train,generator,see LICENSES.md,71052a9c8f4f0bab40b73dbcd001f7856b7bcc308eb13d29e38e427e8a1e620b,American (Napa),neutral,False,
B01-CHAMP_C0__PURE_WORD_SKIP_L4_s1980,B01-CHAMP,B01,interpretive reading,CHAMP,26-45,American,F,typical,C0,,WORD_SKIP,Text fidelity,4,5,62.9477,train,generator,see LICENSES.md,6db69a784ded3f20479072acfc206838dde64f57cf3c2a1a28b476cbc9ee4eab,American (Napa),neutral,False,
B01-CHAMP_C0__PURE_WORD_SKIP_L5_s1980,B01-CHAMP,B01,interpretive reading,CHAMP,26-45,American,F,typical,C0,,WORD_SKIP,Text fidelity,5,8,62.0725,train,generator,see LICENSES.md,e5b164b3a04dda84671822fa999136404a7e11eb6cd7d73eab9d56911b17c743,American (Napa),neutral,False,
B01-CHAMP_C0__PURE_WORD_SWAP_L1_s5904,B01-CHAMP,B01,interpretive reading,CHAMP,26-45,American,F,typical,C0,,WORD_SWAP,Text fidelity,1,1,64.4435,train,generator,see LICENSES.md,140ff4bfc22739d7298af30ca95b91e95d751cfdfdf483584d34620ae7d13fbc,American (Napa),neutral,False,
B01-CHAMP_C0__PURE_WORD_SWAP_L2_s5904,B01-CHAMP,B01,interpretive reading,CHAMP,26-45,American,F,typical,C0,,WORD_SWAP,Text fidelity,2,2,64.3946,train,generator,see LICENSES.md,3715d9ae59aa75593093e20f017168d0ad74ad186742157953adbc81b00ba7f9,American (Napa),neutral,False,
B01-CHAMP_C0__PURE_WORD_SWAP_L3_s5904,B01-CHAMP,B01,interpretive reading,CHAMP,26-45,American,F,typical,C0,,WORD_SWAP,Text fidelity,3,3,64.3485,train,generator,see LICENSES.md,902e21230e3f22244987eed80180b442bd0f44355817e9a009e941ae30cd9f5b,American (Napa),neutral,False,
B01-CHAMP_C0__PURE_WORD_SWAP_L4_s5904,B01-CHAMP,B01,interpretive reading,CHAMP,26-45,American,F,typical,C0,,WORD_SWAP,Text fidelity,4,5,64.1571,train,generator,see LICENSES.md,23a74ba262f4adcae31c9fef782583709fa640f0227eca1a120b8a1a2961b065,American (Napa),neutral,False,
B01-CHAMP_C0__PURE_WORD_SWAP_L5_s5904,B01-CHAMP,B01,interpretive reading,CHAMP,26-45,American,F,typical,C0,,WORD_SWAP,Text fidelity,5,8,64.0333,train,generator,see LICENSES.md,10768bc8696b920d746e4f16747da03b985642b30da8b0d4f83b4bbd16f8abd9,American (Napa),neutral,False,
B01-CHAMP_C0__RARE_HESIT_L1_s5369,B01-CHAMP,B01,interpretive reading,CHAMP,26-45,American,F,typical,C0,,RARE_HESIT,Fluency,1,1,64.669,train,generator,see LICENSES.md,0579eb937cb3c483cfbd4c1f5c09db14a400928f8ff281d5b1397690d2fd23b6,American (Napa),neutral,False,
B01-CHAMP_C0__RARE_HESIT_L2_s5369,B01-CHAMP,B01,interpretive reading,CHAMP,26-45,American,F,typical,C0,,RARE_HESIT,Fluency,2,2,64.9544,train,generator,see LICENSES.md,a2fcadf1e33d31c35f8aa620507fd3397c9e16f7e9239efa356fd6a8063e04c6,American (Napa),neutral,False,
B01-CHAMP_C0__RARE_HESIT_L3_s5369,B01-CHAMP,B01,interpretive reading,CHAMP,26-45,American,F,typical,C0,,RARE_HESIT,Fluency,3,2,65.4916,train,generator,see LICENSES.md,12e58425aa14c2e6d9e3b74247dfd96d8d81adf3e6441580aa7386f1541ff09e,American (Napa),neutral,False,
B01-CHAMP_C0__RARE_HESIT_L4_s5369,B01-CHAMP,B01,interpretive reading,CHAMP,26-45,American,F,typical,C0,,RARE_HESIT,Fluency,4,2,65.8528,train,generator,see LICENSES.md,0d77db29fc118948ed83ef663f8bd82a913a69bde517d8f2aab7bfe656737ce2,American (Napa),neutral,False,
B01-CHAMP_C0__RARE_HESIT_L5_s5369,B01-CHAMP,B01,interpretive reading,CHAMP,26-45,American,F,typical,C0,,RARE_HESIT,Fluency,5,2,66.5225,train,generator,see LICENSES.md,a2fc028a81bb7072c47ff3ea34f7d9daa56cb767906c47facd9a083eee5cd87c,American (Napa),neutral,False,
B01-CHAMP_C0__REPEAT_L1_s3852,B01-CHAMP,B01,interpretive reading,CHAMP,26-45,American,F,typical,C0,,REPEAT,Fluency,1,1,64.6894,train,generator,see LICENSES.md,bbe82f732e673dcdcedde7afaa9d52b62be8fe39c7d56d37539ba3ce10cd24c6,American (Napa),neutral,False,
B01-CHAMP_C0__REPEAT_L2_s3852,B01-CHAMP,B01,interpretive reading,CHAMP,26-45,American,F,typical,C0,,REPEAT,Fluency,2,1,64.953,train,generator,see LICENSES.md,656134a506db38195ef73d11b35c25ca81ddafc202b7c3189139529c1e737c1d,American (Napa),neutral,False,
B01-CHAMP_C0__REPEAT_L3_s3852,B01-CHAMP,B01,interpretive reading,CHAMP,26-45,American,F,typical,C0,,REPEAT,Fluency,3,1,64.7945,train,generator,see LICENSES.md,8fb7c6a93bad88f2e16839b90f102156a72f8c9cd8b9d90bc924f8b7756ba705,American (Napa),neutral,False,
B01-CHAMP_C0__REPEAT_L4_s3852,B01-CHAMP,B01,interpretive reading,CHAMP,26-45,American,F,typical,C0,,REPEAT,Fluency,4,1,65.1453,train,generator,see LICENSES.md,7f699ae112d0dca3c5bf98b9550d407d54d37d9c2c0c699f7d2694951e1a94a2,American (Napa),neutral,False,
B01-CHAMP_C0__REPEAT_L5_s3852,B01-CHAMP,B01,interpretive reading,CHAMP,26-45,American,F,typical,C0,,REPEAT,Fluency,5,1,65.8359,train,generator,see LICENSES.md,1fc4ddf61d5047e86f9f78d679ed83a7aa18434105fa305dabd65ee624ec2b11,American (Napa),neutral,False,
B01-CHAMP_C0__SHOUT_L1_s4068,B01-CHAMP,B01,interpretive reading,CHAMP,26-45,American,F,typical,C0,,SHOUT,Volume,1,2,64.4034,train,generator,see LICENSES.md,f9c5cc0e2cef78ffcc4e8ff8116d979ee3aee33864ca48ff362e11e92b1c7509,American (Napa),neutral,False,
B01-CHAMP_C0__SHOUT_L2_s4068,B01-CHAMP,B01,interpretive reading,CHAMP,26-45,American,F,typical,C0,,SHOUT,Volume,2,2,64.4052,train,generator,see LICENSES.md,53415bc16575dcf5e72463c7bb804c08eba8aad18d35d4b8d02a94677c13b5ad,American (Napa),neutral,False,
B01-CHAMP_C0__SHOUT_L3_s4068,B01-CHAMP,B01,interpretive reading,CHAMP,26-45,American,F,typical,C0,,SHOUT,Volume,3,2,64.3987,train,generator,see LICENSES.md,2fb310d3d58e34380ae3ff7e3db9e2ad98b3a0a76c0c5f0b7b02a9d43a4f0110,American (Napa),neutral,False,
B01-CHAMP_C0__SHOUT_L4_s4068,B01-CHAMP,B01,interpretive reading,CHAMP,26-45,American,F,typical,C0,,SHOUT,Volume,4,2,64.3997,train,generator,see LICENSES.md,2e65e16be8ccd8a9d2d531bc515643620f18a01e2f8f18ff5f552494f035893e,American (Napa),neutral,False,
B01-CHAMP_C0__SHOUT_L5_s4068,B01-CHAMP,B01,interpretive reading,CHAMP,26-45,American,F,typical,C0,,SHOUT,Volume,5,2,64.3973,train,generator,see LICENSES.md,29bdb2bd78fa587189b70ee4eac34dde3c518166e324f328268cd33efd0f85ff,American (Napa),neutral,False,
B01-CHAMP_C0__SLUR_L1_s1953,B01-CHAMP,B01,interpretive reading,CHAMP,26-45,American,F,typical,C0,,SLUR,Clarity,1,3,64.3474,train,generator,see LICENSES.md,fb8c2c779af0a3355c6bc570f64525b063f38aaa133b7a4c17a85b92506609d3,American (Napa),neutral,False,
B01-CHAMP_C0__SLUR_L2_s1953,B01-CHAMP,B01,interpretive reading,CHAMP,26-45,American,F,typical,C0,,SLUR,Clarity,2,3,64.3474,train,generator,see LICENSES.md,2aebab10df21754cc243d8be4ea42a6cb6b5cb7668c2cafe92c710957845a084,American (Napa),neutral,False,
B01-CHAMP_C0__SLUR_L3_s1953,B01-CHAMP,B01,interpretive reading,CHAMP,26-45,American,F,typical,C0,,SLUR,Clarity,3,3,64.3474,train,generator,see LICENSES.md,a1f6fecb4a1c87d9d2a839bb364fac096bb2f51facc7c2b8649370e306552868,American (Napa),neutral,False,
B01-CHAMP_C0__SLUR_L4_s1953,B01-CHAMP,B01,interpretive reading,CHAMP,26-45,American,F,typical,C0,,SLUR,Clarity,4,3,64.3474,train,generator,see LICENSES.md,341e3d75baf9bf62f25a8cb96916adf12babc2c9e39fb792fc5e0e1663dfce4d,American (Napa),neutral,False,
B01-CHAMP_C0__SLUR_L5_s1953,B01-CHAMP,B01,interpretive reading,CHAMP,26-45,American,F,typical,C0,,SLUR,Clarity,5,3,64.3474,train,generator,see LICENSES.md,afa20ae181744313bada1e272a07e345a43818c2b72a1750bca3ddad8c5f9a5d,American (Napa),neutral,False,
B01-CHAMP_C0__UPTALK_L1_s1269,B01-CHAMP,B01,interpretive reading,CHAMP,26-45,American,F,typical,C0,,UPTALK,Intonation,1,3,64.3576,train,generator,see LICENSES.md,2bff3b9b49779125cfbfd609db27a221b448cacda9da9471567ddf3c1dfd2109,American (Napa),neutral,False,
B01-CHAMP_C0__UPTALK_L2_s1269,B01-CHAMP,B01,interpretive reading,CHAMP,26-45,American,F,typical,C0,,UPTALK,Intonation,2,3,64.3647,train,generator,see LICENSES.md,b9c3b64787e5f6c8fc41692b6517c38248414d532f4d80d038b18c8d9e98d698,American (Napa),neutral,False,
B01-CHAMP_C0__UPTALK_L3_s1269,B01-CHAMP,B01,interpretive reading,CHAMP,26-45,American,F,typical,C0,,UPTALK,Intonation,3,3,64.3594,train,generator,see LICENSES.md,3fbe369c38fe6426220ec665996af0e64189f0226c1a53e5b7c97f4e11caf083,American (Napa),neutral,False,
B01-CHAMP_C0__UPTALK_L4_s1269,B01-CHAMP,B01,interpretive reading,CHAMP,26-45,American,F,typical,C0,,UPTALK,Intonation,4,3,64.362,train,generator,see LICENSES.md,cc0654643b0fe30684fcc4f72e9d544e673b713c23d547a8cb90dbcc39f56ea0,American (Napa),neutral,False,
B01-CHAMP_C0__UPTALK_L5_s1269,B01-CHAMP,B01,interpretive reading,CHAMP,26-45,American,F,typical,C0,,UPTALK,Intonation,5,3,64.3595,train,generator,see LICENSES.md,72284d1c7468bce392e218825441feb58a16d682386112dc476d7a248ec3e562,American (Napa),neutral,False,
B01-CHAMP_C0__WORD_SKIP_L1_s5306,B01-CHAMP,B01,interpretive reading,CHAMP,26-45,American,F,typical,C0,,WORD_SKIP,Text fidelity,1,1,64.241,train,generator,see LICENSES.md,d26e86f7f23828a72dc3ebe01199bd9e536023b207814f4d416fc3c0119d54a3,American (Napa),neutral,False,
B01-CHAMP_C0__WORD_SKIP_L2_s5306,B01-CHAMP,B01,interpretive reading,CHAMP,26-45,American,F,typical,C0,,WORD_SKIP,Text fidelity,2,2,64.0417,train,generator,see LICENSES.md,612e932e8eb492fd2cb2135bf1d392d4809f4eba3e2d6d470d9ff7c54f89e5f2,American (Napa),neutral,False,
B01-CHAMP_C0__WORD_SKIP_L3_s5306,B01-CHAMP,B01,interpretive reading,CHAMP,26-45,American,F,typical,C0,,WORD_SKIP,Text fidelity,3,3,63.8268,train,generator,see LICENSES.md,71052a9c8f4f0bab40b73dbcd001f7856b7bcc308eb13d29e38e427e8a1e620b,American (Napa),neutral,False,
B01-CHAMP_C0__WORD_SKIP_L4_s5306,B01-CHAMP,B01,interpretive reading,CHAMP,26-45,American,F,typical,C0,,WORD_SKIP,Text fidelity,4,5,62.9477,train,generator,see LICENSES.md,6db69a784ded3f20479072acfc206838dde64f57cf3c2a1a28b476cbc9ee4eab,American (Napa),neutral,False,
B01-CHAMP_C0__WORD_SKIP_L5_s5306,B01-CHAMP,B01,interpretive reading,CHAMP,26-45,American,F,typical,C0,,WORD_SKIP,Text fidelity,5,8,62.0725,train,generator,see LICENSES.md,e5b164b3a04dda84671822fa999136404a7e11eb6cd7d73eab9d56911b17c743,American (Napa),neutral,False,
B01-CHAMP_C0__WORD_SWAP_L1_s4326,B01-CHAMP,B01,interpretive reading,CHAMP,26-45,American,F,typical,C0,,WORD_SWAP,Text fidelity,1,1,64.4435,train,generator,see LICENSES.md,140ff4bfc22739d7298af30ca95b91e95d751cfdfdf483584d34620ae7d13fbc,American (Napa),neutral,False,
B01-CHAMP_C0__WORD_SWAP_L2_s4326,B01-CHAMP,B01,interpretive reading,CHAMP,26-45,American,F,typical,C0,,WORD_SWAP,Text fidelity,2,2,64.3946,train,generator,see LICENSES.md,3715d9ae59aa75593093e20f017168d0ad74ad186742157953adbc81b00ba7f9,American (Napa),neutral,False,
B01-CHAMP_C0__WORD_SWAP_L3_s4326,B01-CHAMP,B01,interpretive reading,CHAMP,26-45,American,F,typical,C0,,WORD_SWAP,Text fidelity,3,3,64.3485,train,generator,see LICENSES.md,902e21230e3f22244987eed80180b442bd0f44355817e9a009e941ae30cd9f5b,American (Napa),neutral,False,
B01-CHAMP_C0__WORD_SWAP_L4_s4326,B01-CHAMP,B01,interpretive reading,CHAMP,26-45,American,F,typical,C0,,WORD_SWAP,Text fidelity,4,5,64.1571,train,generator,see LICENSES.md,23a74ba262f4adcae31c9fef782583709fa640f0227eca1a120b8a1a2961b065,American (Napa),neutral,False,
B01-CHAMP_C0__WORD_SWAP_L5_s4326,B01-CHAMP,B01,interpretive reading,CHAMP,26-45,American,F,typical,C0,,WORD_SWAP,Text fidelity,5,8,64.0333,train,generator,see LICENSES.md,10768bc8696b920d746e4f16747da03b985642b30da8b0d4f83b4bbd16f8abd9,American (Napa),neutral,False,
B01-CHAMP_GAIN,B01-CHAMP,B01,interpretive reading,CHAMP,26-45,American,F,typical,C0,GAIN,,,0,0,64.4905,train,generator,see LICENSES.md,b2967e92ed8e10142b1264e282dba59babfc601e4494344828e6c9c3862c7236,American (Napa),neutral,False,
B01-CHAMP_MP3,B01-CHAMP,B01,interpretive reading,CHAMP,26-45,American,F,typical,C0,MP3,,,0,0,64.4905,train,generator,see LICENSES.md,4e2de90d71f879728417f53adaa0d75d7decf4423ebf5d014d6f4a491cdf75fd,American (Napa),neutral,False,
B01-CHAMP_MP3__PACE_FAST_L3_s7111,B01-CHAMP,B01,interpretive reading,CHAMP,26-45,American,F,typical,C0,MP3,PACE_FAST,Pacing,3,1,63.8528,train,generator,see LICENSES.md,595ccdd491895cecb6c51fce6e699fe7d8628419bba91d30889e76bd5ff3652c,American (Napa),neutral,False,
B01-CHAMP_N10,B01-CHAMP,B01,interpretive reading,CHAMP,26-45,American,F,typical,C0,N10,,,0,0,64.4905,train,generator,see LICENSES.md,4d444b7807d7193b06bf9678bbd0c2c9d840a26c417fcba454978b5fa9386af3,American (Napa),neutral,False,
B01-CHAMP_N10__EMPH_FLAT_L3_s1691,B01-CHAMP,B01,interpretive reading,CHAMP,26-45,American,F,typical,C0,N10,EMPH_FLAT,Intonation,3,2,63.9884,train,generator,see LICENSES.md,a89d9d6c2e43175cce839f89c4b0416269f4db924ba6c0303f0168c27ffa74b4,American (Napa),neutral,False,
B01-CHAMP_N20,B01-CHAMP,B01,interpretive reading,CHAMP,26-45,American,F,typical,C0,N20,,,0,0,64.4905,train,generator,see LICENSES.md,24c86271bf3269f62710788ca8f2de19de5ecea4210c1e238206533f26bff1bb,American (Napa),neutral,False,
B01-CHAMP_N20__MONOTONE_L3_s8431,B01-CHAMP,B01,interpretive reading,CHAMP,26-45,American,F,typical,C0,N20,MONOTONE,Intonation,3,1,64.4491,train,generator,see LICENSES.md,3c8922a796bdc9069836fcfd48e2dd7ab247e41c8943e7a4b1332b829975cb3b,American (Napa),neutral,False,
B01-CHAMP_N20__PACE_FAST_L3_s7111,B01-CHAMP,B01,interpretive reading,CHAMP,26-45,American,F,typical,C0,N20,PACE_FAST,Pacing,3,1,63.8528,train,generator,see LICENSES.md,be32d9defd787598c0d1990d978093dd6d64fb641b01400ddcaa3669b6727449,American (Napa),neutral,False,
B01-CHAMP_N20__PAUSE_LOST_L3_s5923,B01-CHAMP,B01,interpretive reading,CHAMP,26-45,American,F,typical,C0,N20,PAUSE_LOST,Pausing,3,1,64.2383,train,generator,see LICENSES.md,fa899eaeb0c14630b3deedd797601173554cc79839da0c71b6abfce1721f25d0,American (Napa),neutral,False,
B01-CHAMP_PHN,B01-CHAMP,B01,interpretive reading,CHAMP,26-45,American,F,typical,C0,PHN,,,0,0,64.4905,train,generator,see LICENSES.md,74e735743d3edcfdc1e9f1a8602b93139793617debd1d6c7ebbe1906ca237d09,American (Napa),neutral,False,
B01-CHAMP_PHN__UPTALK_L3_s1269,B01-CHAMP,B01,interpretive reading,CHAMP,26-45,American,F,typical,C0,PHN,UPTALK,Intonation,3,3,64.3594,train,generator,see LICENSES.md,91cf56a7c4f9205b1e6fee97944be60ebe9495ef742d85640f757243f594ce61,American (Napa),neutral,False,
B01-CHAMP_RVB,B01-CHAMP,B01,interpretive reading,CHAMP,26-45,American,F,typical,C0,RVB,,,0,0,64.4905,train,generator,see LICENSES.md,2d8c41f74dad3d56359c35de780686e056db76f32b4c0b24c05ee4ce740e8da9,American (Napa),neutral,False,
B01-CHAMP_RVB__MONOTONE_L3_s8431,B01-CHAMP,B01,interpretive reading,CHAMP,26-45,American,F,typical,C0,RVB,MONOTONE,Intonation,3,1,64.4491,train,generator,see LICENSES.md,9acb20bc8751e432f7b042bea56ee6c5158cd5dd8bb3e8232e0dbaf3e57e15d9,American (Napa),neutral,False,
B01-CHAMP_RVB__UPTALK_L3_s1269,B01-CHAMP,B01,interpretive reading,CHAMP,26-45,American,F,typical,C0,RVB,UPTALK,Intonation,3,3,64.3594,train,generator,see LICENSES.md,aae2677f3654ce2d6ec4779670e9ce8151f3839818313b4be4629204c95bad26,American (Napa),neutral,False,
B02-CHAMP_C0__EMPH_FLAT_L3_s4783,B02-CHAMP,B02,interpretive reading,CHAMP,26-45,English,M,typical,C0,,EMPH_FLAT,Intonation,3,1,60.6147,train,generator,see LICENSES.md,b1556f351d5de4ee5ea4ba377a78bddaff0cdcd790dd188ae03ca7f80d84dfbb,English (Cumbria),neutral,False,
B02-CHAMP_C0__FADE_L3_s6616,B02-CHAMP,B02,interpretive reading,CHAMP,26-45,English,M,typical,C0,,FADE,Volume,3,1,60.801,train,generator,see LICENSES.md,24d43300f9d4ea0fa29aed731850747eef9e220e854b33c2fe58fa0df3550bd5,English (Cumbria),neutral,False,
B02-CHAMP_C0__FILLER_L3_s5858,B02-CHAMP,B02,interpretive reading,CHAMP,26-45,English,M,typical,C0,,FILLER,Fluency,3,6,62.4773,train,generator,see LICENSES.md,23de8f8b49b0222f2a1ccaa6f25bb73f029dc9857f286dfc0275b0a3c203d52e,English (Cumbria),neutral,False,
B02-CHAMP_C0__MONOTONE_L3_s7005,B02-CHAMP,B02,interpretive reading,CHAMP,26-45,English,M,typical,C0,,MONOTONE,Intonation,3,1,60.8036,train,generator,see LICENSES.md,ab556f21011245bcbef5a03bfcdf3190a51c874be0fb9989567d93cbb616007d,English (Cumbria),neutral,False,
B02-CHAMP_C0__MULTI1_L3_s3636,B02-CHAMP,B02,interpretive reading,CHAMP,26-45,English,M,typical,C0,,FADE|PACE_FAST,Pacing|Volume,3,2,59.7343,train,generator,see LICENSES.md,35d8a0afbe5258e8166e3465695efcaa7d0795e4c2305120e19488983b7065c0,English (Cumbria),neutral,False,PACE_FAST|FADE
B02-CHAMP_C0__MULTI2_L3_s5470,B02-CHAMP,B02,interpretive reading,CHAMP,26-45,English,M,typical,C0,,MONOTONE|PAUSE_BAD,Intonation|Pausing,3,3,61.7828,train,generator,see LICENSES.md,974ebbd109ed2eb1cbced99b7060e320cfe4f0b6bc7d84f9af1b8a5f10e87a5d,English (Cumbria),neutral,False,PAUSE_BAD|MONOTONE
B02-CHAMP_C0__MULTI3_L3_s4360,B02-CHAMP,B02,interpretive reading,CHAMP,26-45,English,M,typical,C0,,FILLER|SLUR|UPTALK,Clarity|Fluency|Intonation,3,4,61.4132,train,generator,see LICENSES.md,51a22ca87c605d435cc970ba7bd59b1868fd75b497812befb231ba80bc4ce909,English (Cumbria),neutral,False,FILLER|UPTALK|SLUR
B02-CHAMP_C0__MULTI4_L3_s1803,B02-CHAMP,B02,interpretive reading,CHAMP,26-45,English,M,typical,C0,,EMPH_FLAT|PACE_SLOW|SHOUT,Intonation|Pacing|Volume,3,3,61.4898,train,generator,see LICENSES.md,0083e71cbc7b740833cafdbd0556b6a02da958cfafd5aa498c22a121300e00b6,English (Cumbria),neutral,False,EMPH_FLAT|PACE_SLOW|SHOUT
B02-CHAMP_C0__MULTI5_L3_s1309,B02-CHAMP,B02,interpretive reading,CHAMP,26-45,English,M,typical,C0,,RARE_HESIT|REPEAT|WORD_SWAP,Fluency|Text fidelity,3,5,62.3963,train,generator,see LICENSES.md,46a9c94e0533f4eae1a74feae8ba390d95a5039106ba88824930feb0c89c7057,English (Cumbria),neutral,False,REPEAT|RARE_HESIT|WORD_SWAP
B02-CHAMP_C0__PACE_FAST_L3_s1571,B02-CHAMP,B02,interpretive reading,CHAMP,26-45,English,M,typical,C0,,PACE_FAST,Pacing,3,1,60.2863,train,generator,see LICENSES.md,5cf598c3014b53648c6729a28d889fd3b3fe56312911ffd6ccebcbc0e4b04bbb,English (Cumbria),neutral,False,
B02-CHAMP_C0__PACE_SLOW_L3_s3882,B02-CHAMP,B02,interpretive reading,CHAMP,26-45,English,M,typical,C0,,PACE_SLOW,Pacing,3,3,63.9024,train,generator,see LICENSES.md,29148da3e82a14beded85470a05ab1dc85410f20a913ebddd5ce024ea412cdfb,English (Cumbria),neutral,False,
B02-CHAMP_C0__PAUSE_BAD_L3_s1721,B02-CHAMP,B02,interpretive reading,CHAMP,26-45,English,M,typical,C0,,PAUSE_BAD,Pausing,3,5,63.7432,train,generator,see LICENSES.md,bd914978b99edc7a2d3cee5e9391f4fc87bdd6c80a5bb46f101f92fff9e09b16,English (Cumbria),neutral,False,
B02-CHAMP_C0__PAUSE_LOST_L3_s0929,B02-CHAMP,B02,interpretive reading,CHAMP,26-45,English,M,typical,C0,,PAUSE_LOST,Pausing,3,1,60.4271,train,generator,see LICENSES.md,12e7e45f52f4a12e7c4ca74095aa0a7eb7e3b92697b2ec9bdbd1c53fc8531b81,English (Cumbria),neutral,False,
B02-CHAMP_C0__RARE_HESIT_L3_s0555,B02-CHAMP,B02,interpretive reading,CHAMP,26-45,English,M,typical,C0,,RARE_HESIT,Fluency,3,2,62.6981,train,generator,see LICENSES.md,c8e4d3836087cf368698e4116589409be0664543f8f226d01b5ecf62a5e25427,English (Cumbria),neutral,False,
B02-CHAMP_C0__REPEAT_L3_s8391,B02-CHAMP,B02,interpretive reading,CHAMP,26-45,English,M,typical,C0,,REPEAT,Fluency,3,2,61.6516,train,generator,see LICENSES.md,ca6a871eab6aa6c3eac612995d8e52fd4bf5ecb6f16790981886aede3d2c0091,English (Cumbria),neutral,False,
B02-CHAMP_C0__SHOUT_L3_s7578,B02-CHAMP,B02,interpretive reading,CHAMP,26-45,English,M,typical,C0,,SHOUT,Volume,3,1,60.8008,train,generator,see LICENSES.md,a8b9f985c65484a6d0388c7cb9c43c879b33962124346b7c6223e28955d4af3b,English (Cumbria),neutral,False,
B02-CHAMP_C0__SLUR_L3_s8881,B02-CHAMP,B02,interpretive reading,CHAMP,26-45,English,M,typical,C0,,SLUR,Clarity,3,3,60.7138,train,generator,see LICENSES.md,87b8aa2b21ef7340de75ad81188dd2a29f4e476391d9f6e7e5fc61325415609e,English (Cumbria),neutral,False,
B02-CHAMP_C0__UPTALK_L3_s8014,B02-CHAMP,B02,interpretive reading,CHAMP,26-45,English,M,typical,C0,,UPTALK,Intonation,3,1,60.8056,train,generator,see LICENSES.md,7d035867e343e49e0b5c4b40b9e5e2738d684e04d6579f4cf3ad63cb0f84ef10,English (Cumbria),neutral,False,
B02-CHAMP_C0__WORD_SKIP_L3_s3790,B02-CHAMP,B02,interpretive reading,CHAMP,26-45,English,M,typical,C0,,WORD_SKIP,Text fidelity,3,3,60.1052,train,generator,see LICENSES.md,cb601eb70682e0a62a59e0499edbf897d28d29e57285eeaebb3a0510a67aa213,English (Cumbria),neutral,False,
B02-CHAMP_C0__WORD_SWAP_L3_s1106,B02-CHAMP,B02,interpretive reading,CHAMP,26-45,English,M,typical,C0,,WORD_SWAP,Text fidelity,3,3,60.6994,train,generator,see LICENSES.md,4800d35581bcb250f42850a520958eb8ae237227659a0c5cafbb933cd018869d,English (Cumbria),neutral,False,
B02-CHAMP_GAIN,B02-CHAMP,B02,interpretive reading,CHAMP,26-45,English,M,typical,C0,GAIN,,,0,0,60.8479,train,generator,see LICENSES.md,f9422cd2e75fd7c5ac56c4fe9f2d08df1a2dc722b087164f3fc64f948b274919,English (Cumbria),neutral,False,
B02-CHAMP_GAIN__REPEAT_L3_s8391,B02-CHAMP,B02,interpretive reading,CHAMP,26-45,English,M,typical,C0,GAIN,REPEAT,Fluency,3,2,61.6516,train,generator,see LICENSES.md,42e2788a7f9aeeb67eb43bd3b5b5ab956c4140d9894cf5eb6d5750ef200ef55e,English (Cumbria),neutral,False,
B02-CHAMP_MP3,B02-CHAMP,B02,interpretive reading,CHAMP,26-45,English,M,typical,C0,MP3,,,0,0,60.8479,train,generator,see LICENSES.md,6691710c5e44b57cb49e823fbbe89b7167afd0f48777bdabec10e4c6315f824a,English (Cumbria),neutral,False,
B02-CHAMP_N10,B02-CHAMP,B02,interpretive reading,CHAMP,26-45,English,M,typical,C0,N10,,,0,0,60.8479,train,generator,see LICENSES.md,c15ec4dc5755cbad095a14b4f65d8e3b0f886d3875bf8d48c18afb3fbacc3eed,English (Cumbria),neutral,False,
B02-CHAMP_N20,B02-CHAMP,B02,interpretive reading,CHAMP,26-45,English,M,typical,C0,N20,,,0,0,60.8479,train,generator,see LICENSES.md,dc5c79b83d6ff80cd86138a88a0a426b6779e51494719d4f2d9452691a12b415,English (Cumbria),neutral,False,
B02-CHAMP_N20__MONOTONE_L3_s7005,B02-CHAMP,B02,interpretive reading,CHAMP,26-45,English,M,typical,C0,N20,MONOTONE,Intonation,3,1,60.8036,train,generator,see LICENSES.md,3399bb28038e7df03665f7f3c61c2feb97f65bebd1a61de1ec95ccb80fd1c6ad,English (Cumbria),neutral,False,
B02-CHAMP_PHN,B02-CHAMP,B02,interpretive reading,CHAMP,26-45,English,M,typical,C0,PHN,,,0,0,60.8479,train,generator,see LICENSES.md,bd45500f8746a88bbbc0df17fcd01523f3b7fc8c86488f5a30d7d3980af39be1,English (Cumbria),neutral,False,
B02-CHAMP_PHN__SLUR_L3_s8881,B02-CHAMP,B02,interpretive reading,CHAMP,26-45,English,M,typical,C0,PHN,SLUR,Clarity,3,3,60.7138,train,generator,see LICENSES.md,ffeee90304fc0c4a47cdd5bbc4b49329ef51b2b45d0705250bf8af497f438f81,English (Cumbria),neutral,False,
B02-CHAMP_RVB,B02-CHAMP,B02,interpretive reading,CHAMP,26-45,English,M,typical,C0,RVB,,,0,0,60.8479,train,generator,see LICENSES.md,8d035e1321347d439b9d31a706e38ccd6cf34b80d800797a70384c2ccafc3b0b,English (Cumbria),neutral,False,
B03-CHAMP_C0__EMPH_FLAT_L3_s5516,B03-CHAMP,B03,interpretive reading,CHAMP,18-25,Indian,M,typical,C0,,EMPH_FLAT,Intonation,3,2,61.6559,dev,generator,see LICENSES.md,c9387d36541bddec30e1c30786afc94a46a1deb52bb65e05b506299a78f66082,Indian,neutral,False,
B03-CHAMP_C0__FADE_L3_s2807,B03-CHAMP,B03,interpretive reading,CHAMP,18-25,Indian,M,typical,C0,,FADE,Volume,3,3,62.0459,dev,generator,see LICENSES.md,c56d8149237a556bb190017e96d123f28db34f72ac829f1d5124e19cbdedc897,Indian,neutral,False,
B03-CHAMP_C0__FILLER_L3_s3092,B03-CHAMP,B03,interpretive reading,CHAMP,18-25,Indian,M,typical,C0,,FILLER,Fluency,3,6,64.1348,dev,generator,see LICENSES.md,4b8709af2ab4ac33f3fefe6cec3afaa743d82728a09a860417c6a27056b8b92d,Indian,neutral,False,
B03-CHAMP_C0__MONOTONE_L3_s3436,B03-CHAMP,B03,interpretive reading,CHAMP,18-25,Indian,M,typical,C0,,MONOTONE,Intonation,3,3,62.0459,dev,generator,see LICENSES.md,fccd79343385eb52ed8838173373f6e0c37811a4d61c6befa797be039c57f0db,Indian,neutral,False,
B03-CHAMP_C0__MULTI1_L3_s4594,B03-CHAMP,B03,interpretive reading,CHAMP,18-25,Indian,M,typical,C0,,FADE|PACE_FAST,Pacing|Volume,3,2,61.4663,dev,generator,see LICENSES.md,148dc61eeed9d3cd339b28d5f96ebd61ac82a1f396f3606ed2d056c3383933ac,Indian,neutral,False,PACE_FAST|FADE
B03-CHAMP_C0__MULTI2_L3_s0712,B03-CHAMP,B03,interpretive reading,CHAMP,18-25,Indian,M,typical,C0,,MONOTONE|PAUSE_BAD,Intonation|Pausing,3,3,63.0722,dev,generator,see LICENSES.md,4ba395d69332f987e3497f46375b02679139bf8cfbb6e73abc1bfef496fcc8c1,Indian,neutral,False,PAUSE_BAD|MONOTONE
B03-CHAMP_C0__MULTI3_L3_s4574,B03-CHAMP,B03,interpretive reading,CHAMP,18-25,Indian,M,typical,C0,,FILLER|SLUR|UPTALK,Clarity|Fluency|Intonation,3,4,63.0452,dev,generator,see LICENSES.md,5c08612eb6fdb6ed6a9b496adcd8339902b648133941718fd85a42ca0d4463b3,Indian,neutral,False,FILLER|UPTALK|SLUR
B03-CHAMP_C0__MULTI4_L3_s2557,B03-CHAMP,B03,interpretive reading,CHAMP,18-25,Indian,M,typical,C0,,EMPH_FLAT|PACE_SLOW|SHOUT,Intonation|Pacing|Volume,3,3,62.6614,dev,generator,see LICENSES.md,15ee2fb240505e7fc7c071da7368aba2b398aced34cf37ef9c6b991f263d42e5,Indian,neutral,False,EMPH_FLAT|PACE_SLOW|SHOUT
B03-CHAMP_C0__MULTI5_L3_s2155,B03-CHAMP,B03,interpretive reading,CHAMP,18-25,Indian,M,typical,C0,,RARE_HESIT|REPEAT|WORD_SWAP,Fluency|Text fidelity,3,6,63.5625,dev,generator,see LICENSES.md,73506887e7eeeb8540ed555ad925a7091e8ecadf2f929c4c937eef3b13a4a537,Indian,neutral,False,REPEAT|RARE_HESIT|WORD_SWAP
B03-CHAMP_C0__PACE_FAST_L3_s0784,B03-CHAMP,B03,interpretive reading,CHAMP,18-25,Indian,M,typical,C0,,PACE_FAST,Pacing,3,1,61.4964,dev,generator,see LICENSES.md,cb24299006e9656c0283e12279f7597a5903d0a04a29b403dcc3c4cd3b6664f4,Indian,neutral,False,
B03-CHAMP_C0__PACE_SLOW_L3_s1497,B03-CHAMP,B03,interpretive reading,CHAMP,18-25,Indian,M,typical,C0,,PACE_SLOW,Pacing,3,3,64.8917,dev,generator,see LICENSES.md,f387056e266c66c9bd98ba9b82d1cf464f1e485eff18edd735815d9420449d66,Indian,neutral,False,
B03-CHAMP_C0__PAUSE_BAD_L3_s0250,B03-CHAMP,B03,interpretive reading,CHAMP,18-25,Indian,M,typical,C0,,PAUSE_BAD,Pausing,3,1,63.1286,dev,generator,see LICENSES.md,7d7c577b6686a49a2676b13545c444f0b3008e43bc03e5910ebc589386a59b6d,Indian,neutral,False,
B03-CHAMP_C0__PAUSE_LOST_L3_s2512,B03-CHAMP,B03,interpretive reading,CHAMP,18-25,Indian,M,typical,C0,,PAUSE_LOST,Pausing,3,1,61.906,dev,generator,see LICENSES.md,8bc6e93eb812caa4be0d8b24b62ecee7034a9d389ae8ffd0c69d5f9b3579edf7,Indian,neutral,False,
B03-CHAMP_C0__RARE_HESIT_L3_s9130,B03-CHAMP,B03,interpretive reading,CHAMP,18-25,Indian,M,typical,C0,,RARE_HESIT,Fluency,3,4,65.0117,dev,generator,see LICENSES.md,bf3feb85bc3aef3a44f9fe8935c03d0739ea4f8f04e7c80af4ca4b0fe7172be5,Indian,neutral,False,
B03-CHAMP_C0__REPEAT_L3_s2561,B03-CHAMP,B03,interpretive reading,CHAMP,18-25,Indian,M,typical,C0,,REPEAT,Fluency,3,2,62.7393,dev,generator,see LICENSES.md,c2f40577c4525d5658c0d0413a31df65b8fb26430576bf83fd0a9a7d72f3acb0,Indian,neutral,False,
B03-CHAMP_C0__SHOUT_L3_s9855,B03-CHAMP,B03,interpretive reading,CHAMP,18-25,Indian,M,typical,C0,,SHOUT,Volume,3,1,62.1348,dev,generator,see LICENSES.md,b0aa5de7c54879985bb580b6beed636c1f3f0c07f0ac3c08242cad7e8f8985e3,Indian,neutral,False,
B03-CHAMP_C0__SLUR_L3_s5438,B03-CHAMP,B03,interpretive reading,CHAMP,18-25,Indian,M,typical,C0,,SLUR,Clarity,3,3,62.041,dev,generator,see LICENSES.md,15310e119a61c6c60bc7312f3a83feb364ed834611851ea73e5b6bebf104e2d4,Indian,neutral,False,
B03-CHAMP_C0__UPTALK_L3_s3608,B03-CHAMP,B03,interpretive reading,CHAMP,18-25,Indian,M,typical,C0,,UPTALK,Intonation,3,1,62.1293,dev,generator,see LICENSES.md,9d351d47f59ef97e2dccea89a830bc46c04e191e662815678385fd309c54cd09,Indian,neutral,False,
B03-CHAMP_C0__WORD_SKIP_L3_s7133,B03-CHAMP,B03,interpretive reading,CHAMP,18-25,Indian,M,typical,C0,,WORD_SKIP,Text fidelity,3,3,61.0449,dev,generator,see LICENSES.md,6d54ed9f001198ebd00376b9cdb78a39064d7d785c6e794a4b846aec7dab4947,Indian,neutral,False,
B03-CHAMP_C0__WORD_SWAP_L3_s8353,B03-CHAMP,B03,interpretive reading,CHAMP,18-25,Indian,M,typical,C0,,WORD_SWAP,Text fidelity,3,3,62.0377,dev,generator,see LICENSES.md,4a95c29e95924292088389e4cd7df2f77a9bb1a0f7a6788ac26d696a1aa63520,Indian,neutral,False,
B03-CHAMP_GAIN,B03-CHAMP,B03,interpretive reading,CHAMP,18-25,Indian,M,typical,C0,GAIN,,,0,0,62.1779,dev,generator,see LICENSES.md,923cd5907948c1c5a6aea188a892c3a015d11521b6a2795106ed3cccf74bcfe6,Indian,neutral,False,
B03-CHAMP_GAIN__EMPH_FLAT_L3_s5516,B03-CHAMP,B03,interpretive reading,CHAMP,18-25,Indian,M,typical,C0,GAIN,EMPH_FLAT,Intonation,3,2,61.6559,dev,generator,see LICENSES.md,9a41e345b4be6a3cb82e6f013f4bb3234c5e52c9af9ee8a9a059ed2ed6990754,Indian,neutral,False,
B03-CHAMP_MP3,B03-CHAMP,B03,interpretive reading,CHAMP,18-25,Indian,M,typical,C0,MP3,,,0,0,62.1779,dev,generator,see LICENSES.md,6e6683c131a67a3a48fd26cbf78e6ecff89f95fe67e0c54e6b73d60ee29ec766,Indian,neutral,False,
B03-CHAMP_MP3__SLUR_L3_s5438,B03-CHAMP,B03,interpretive reading,CHAMP,18-25,Indian,M,typical,C0,MP3,SLUR,Clarity,3,3,62.041,dev,generator,see LICENSES.md,2e51345f1b1f2be24245050be6d53650dc45cfd222e7e6d0cb4f03573178cbba,Indian,neutral,False,
B03-CHAMP_N10,B03-CHAMP,B03,interpretive reading,CHAMP,18-25,Indian,M,typical,C0,N10,,,0,0,62.1779,dev,generator,see LICENSES.md,de92fc8c821093ce46a705298c37beb4bcbf7590882492e5427390e99a03310a,Indian,neutral,False,
B03-CHAMP_N10__PAUSE_BAD_L3_s0250,B03-CHAMP,B03,interpretive reading,CHAMP,18-25,Indian,M,typical,C0,N10,PAUSE_BAD,Pausing,3,1,63.1286,dev,generator,see LICENSES.md,06d1d2afd990191fe28823beebe529ca4e155b576c4b6c901d86f27f721aca5c,Indian,neutral,False,
B03-CHAMP_N20,B03-CHAMP,B03,interpretive reading,CHAMP,18-25,Indian,M,typical,C0,N20,,,0,0,62.1779,dev,generator,see LICENSES.md,87247005e16dcc48dff7fbbe14dac7dbd98764bafdf3f7ec778aed85209557ec,Indian,neutral,False,
B03-CHAMP_N20__PACE_FAST_L3_s0784,B03-CHAMP,B03,interpretive reading,CHAMP,18-25,Indian,M,typical,C0,N20,PACE_FAST,Pacing,3,1,61.4964,dev,generator,see LICENSES.md,40e19f416c25de6cb51790d5fc21b8141399ecff93dc48f0da1f50af357a130d,Indian,neutral,False,
B03-CHAMP_PHN,B03-CHAMP,B03,interpretive reading,CHAMP,18-25,Indian,M,typical,C0,PHN,,,0,0,62.1779,dev,generator,see LICENSES.md,555a48ac86587062994e918eeed70cab9d9f69030ee45216959f876a8775e466,Indian,neutral,False,
B03-CHAMP_PHN__FILLER_L3_s3092,B03-CHAMP,B03,interpretive reading,CHAMP,18-25,Indian,M,typical,C0,PHN,FILLER,Fluency,3,6,64.1348,dev,generator,see LICENSES.md,3cd6f1ae384ec5051f62506152f6f62126733d597d99b85d73765db832a4b6f5,Indian,neutral,False,
B03-CHAMP_RVB,B03-CHAMP,B03,interpretive reading,CHAMP,18-25,Indian,M,typical,C0,RVB,,,0,0,62.1779,dev,generator,see LICENSES.md,d07c7e46a633a641ea1920a1f50f798e1e10d3a8780913eb26239e4c27ac54a5,Indian,neutral,False,
B04-CHAMP_C0__EMPH_FLAT_L3_s9143,B04-CHAMP,B04,interpretive reading,CHAMP,18-25,Irish,F,typical,C0,,EMPH_FLAT,Intonation,3,2,60.685,train,generator,see LICENSES.md,59a8476a61b8dd582bb5a95f69f00a9180f4965d1bb0d482afda1cbfeb2e6802,Irish (Cork),neutral,False,
B04-CHAMP_C0__FADE_L3_s6328,B04-CHAMP,B04,interpretive reading,CHAMP,18-25,Irish,F,typical,C0,,FADE,Volume,3,2,61.0742,train,generator,see LICENSES.md,7bab9c7b4f0d9905f42ba3e6d7f651d2cda66a2344532057cd656389d069ddbd,Irish (Cork),neutral,False,
B04-CHAMP_C0__FILLER_L3_s9140,B04-CHAMP,B04,interpretive reading,CHAMP,18-25,Irish,F,typical,C0,,FILLER,Fluency,3,6,63.1695,train,generator,see LICENSES.md,a854d2a5836bbe2e750f4d3b82b0e757ea50405c1890508461649804fceacfce,Irish (Cork),neutral,False,
B04-CHAMP_C0__MONOTONE_L3_s5305,B04-CHAMP,B04,interpretive reading,CHAMP,18-25,Irish,F,typical,C0,,MONOTONE,Intonation,3,2,61.0796,train,generator,see LICENSES.md,9a684f0a19ad5ce111987efdda9173f931d04ba7bacc0d85d3e16dd76e6656db,Irish (Cork),neutral,False,
B04-CHAMP_C0__MULTI1_L3_s3042,B04-CHAMP,B04,interpretive reading,CHAMP,18-25,Irish,F,typical,C0,,FADE|PACE_FAST,Pacing|Volume,3,2,60.2443,train,generator,see LICENSES.md,4a333d8045c242606c79cd44374dc9aa2b855314245992e7cb8f20cac9f1418f,Irish (Cork),neutral,False,PACE_FAST|FADE
B04-CHAMP_C0__MULTI2_L3_s4632,B04-CHAMP,B04,interpretive reading,CHAMP,18-25,Irish,F,typical,C0,,MONOTONE|PAUSE_BAD,Intonation|Pausing,3,2,62.0712,train,generator,see LICENSES.md,702e7622baec4a1e3703fbf4197cdc142010c7a98032e4e7758b30e599cbb2b0,Irish (Cork),neutral,False,PAUSE_BAD|MONOTONE
B04-CHAMP_C0__MULTI3_L3_s2718,B04-CHAMP,B04,interpretive reading,CHAMP,18-25,Irish,F,typical,C0,,FILLER|SLUR|UPTALK,Clarity|Fluency|Intonation,3,4,61.7854,train,generator,see LICENSES.md,e429cbe7850517d62194d99d460d2a2ab9d223d35fb316ea7465227f364aa3ca,Irish (Cork),neutral,False,FILLER|UPTALK|SLUR
B04-CHAMP_C0__MULTI4_L3_s1325,B04-CHAMP,B04,interpretive reading,CHAMP,18-25,Irish,F,typical,C0,,EMPH_FLAT|PACE_SLOW|SHOUT,Intonation|Pacing|Volume,3,3,61.8969,train,generator,see LICENSES.md,e8bb211d352fe4198dc3cb1b7166c78b4aa402613607f795d741db002401b346,Irish (Cork),neutral,False,EMPH_FLAT|PACE_SLOW|SHOUT
B04-CHAMP_C0__MULTI5_L3_s9307,B04-CHAMP,B04,interpretive reading,CHAMP,18-25,Irish,F,typical,C0,,RARE_HESIT|REPEAT|WORD_SWAP,Fluency|Text fidelity,3,5,62.1906,train,generator,see LICENSES.md,9be8a2e3976eeee74676cae69f81c27e8874a37d838d8b2fd43edb573828da03,Irish (Cork),neutral,False,REPEAT|RARE_HESIT|WORD_SWAP
B04-CHAMP_C0__PACE_FAST_L3_s4379,B04-CHAMP,B04,interpretive reading,CHAMP,18-25,Irish,F,typical,C0,,PACE_FAST,Pacing,3,2,59.8646,train,generator,see LICENSES.md,3b7d536edf335ff9baacbf71fba078ff65d8a488742522ed3a60f54ee37b7414,Irish (Cork),neutral,False,
B04-CHAMP_C0__PACE_SLOW_L3_s9170,B04-CHAMP,B04,interpretive reading,CHAMP,18-25,Irish,F,typical,C0,,PACE_SLOW,Pacing,3,1,62.1556,train,generator,see LICENSES.md,e1630cfad9857dcaf61b134c4d8a4d66ddb1990f5db82b90a0552e25c7e39de6,Irish (Cork),neutral,False,
B04-CHAMP_C0__PAUSE_BAD_L3_s2865,B04-CHAMP,B04,interpretive reading,CHAMP,18-25,Irish,F,typical,C0,,PAUSE_BAD,Pausing,3,2,63.0703,train,generator,see LICENSES.md,b181bb27bc5abd0beec8c990af1aebd6cd0cf1b0aa35b63a851e3afbbb4ddb37,Irish (Cork),neutral,False,
B04-CHAMP_C0__PAUSE_LOST_L3_s5028,B04-CHAMP,B04,interpretive reading,CHAMP,18-25,Irish,F,typical,C0,,PAUSE_LOST,Pausing,3,1,60.978,train,generator,see LICENSES.md,c0dfc4073d665fac8574fc83e800205a84a0dfea508ffd9a9f1941f1e12ee94a,Irish (Cork),neutral,False,
B04-CHAMP_C0__RARE_HESIT_L3_s9134,B04-CHAMP,B04,interpretive reading,CHAMP,18-25,Irish,F,typical,C0,,RARE_HESIT,Fluency,3,2,62.9704,train,generator,see LICENSES.md,e0ad5d13c18ac512ab8bd77ec8ec1827cc189b91b424276c2be4cb02c1ea3e6a,Irish (Cork),neutral,False,
B04-CHAMP_C0__REPEAT_L3_s4929,B04-CHAMP,B04,interpretive reading,CHAMP,18-25,Irish,F,typical,C0,,REPEAT,Fluency,3,2,62.0157,train,generator,see LICENSES.md,5ca7caf83bb56350df034db12f6d532a7d0e75d95a0bc8562b6694211d51f3e8,Irish (Cork),neutral,False,
B04-CHAMP_C0__SHOUT_L3_s5399,B04-CHAMP,B04,interpretive reading,CHAMP,18-25,Irish,F,typical,C0,,SHOUT,Volume,3,3,61.0315,train,generator,see LICENSES.md,c1b2105f01761dfca12b47b3dd19e82f2a96364e411b2e1f8a7bbfc1611cd47c,Irish (Cork),neutral,False,
B04-CHAMP_C0__SLUR_L3_s5969,B04-CHAMP,B04,interpretive reading,CHAMP,18-25,Irish,F,typical,C0,,SLUR,Clarity,3,3,61.0231,train,generator,see LICENSES.md,0b0354ab1d6b532b08474e47731e675839dab5a49e9a33c3e12ab6e8b0775a44,Irish (Cork),neutral,False,
B04-CHAMP_C0__UPTALK_L3_s3144,B04-CHAMP,B04,interpretive reading,CHAMP,18-25,Irish,F,typical,C0,,UPTALK,Intonation,3,1,61.1216,train,generator,see LICENSES.md,3eb36e05eb7b4ed630bdcf8a7a613c6db7ffa8bdbaefea14d284b6ac8ff1c444,Irish (Cork),neutral,False,
B04-CHAMP_C0__WORD_SKIP_L3_s8822,B04-CHAMP,B04,interpretive reading,CHAMP,18-25,Irish,F,typical,C0,,WORD_SKIP,Text fidelity,3,3,60.4573,train,generator,see LICENSES.md,b12be43f1df806330ea3293b5915d8013c524bf71e5568d830848e01e9075ccc,Irish (Cork),neutral,False,
B04-CHAMP_C0__WORD_SWAP_L3_s1850,B04-CHAMP,B04,interpretive reading,CHAMP,18-25,Irish,F,typical,C0,,WORD_SWAP,Text fidelity,3,3,61.029,train,generator,see LICENSES.md,71e9b303eb4013866e7fb4258b6c330794e070bb3655b9dac9259255aac22a85,Irish (Cork),neutral,False,
B04-CHAMP_GAIN,B04-CHAMP,B04,interpretive reading,CHAMP,18-25,Irish,F,typical,C0,GAIN,,,0,0,61.1668,train,generator,see LICENSES.md,eb87cb68f282dd541303167a494adbc9136533912d5b002d0d8b2bccecda1a13,Irish (Cork),neutral,False,
B04-CHAMP_GAIN__EMPH_FLAT_L3_s9143,B04-CHAMP,B04,interpretive reading,CHAMP,18-25,Irish,F,typical,C0,GAIN,EMPH_FLAT,Intonation,3,2,60.685,train,generator,see LICENSES.md,4cd5dfe0dae305012a4d2e0588988b7af2eb7e1db75a9600c63091ecc4a9bebe,Irish (Cork),neutral,False,
B04-CHAMP_MP3,B04-CHAMP,B04,interpretive reading,CHAMP,18-25,Irish,F,typical,C0,MP3,,,0,0,61.1668,train,generator,see LICENSES.md,47e3e5832bc04756784703429f9443970fd5135f23a9829c39c1fb422403efcf,Irish (Cork),neutral,False,
B04-CHAMP_N10,B04-CHAMP,B04,interpretive reading,CHAMP,18-25,Irish,F,typical,C0,N10,,,0,0,61.1668,train,generator,see LICENSES.md,723a5bc0c86ff44bed48c541753a2f60bac681cb3bee3057988ef75102979e60,Irish (Cork),neutral,False,
B04-CHAMP_N10__FILLER_L3_s9140,B04-CHAMP,B04,interpretive reading,CHAMP,18-25,Irish,F,typical,C0,N10,FILLER,Fluency,3,6,63.1695,train,generator,see LICENSES.md,3cae878d192915accf4675203a26317c524b515322262d4a4a0841de05768e18,Irish (Cork),neutral,False,
B04-CHAMP_N10__SHOUT_L3_s5399,B04-CHAMP,B04,interpretive reading,CHAMP,18-25,Irish,F,typical,C0,N10,SHOUT,Volume,3,3,61.0315,train,generator,see LICENSES.md,97471674116cdaa6c91641676b1e8b9c43b7b189311b00002ab86b2591e56f2a,Irish (Cork),neutral,False,
B04-CHAMP_N20,B04-CHAMP,B04,interpretive reading,CHAMP,18-25,Irish,F,typical,C0,N20,,,0,0,61.1668,train,generator,see LICENSES.md,fdb921309fb64ce72005c096019a1d290163220b5047f208f3b708816a7eb49c,Irish (Cork),neutral,False,
B04-CHAMP_PHN,B04-CHAMP,B04,interpretive reading,CHAMP,18-25,Irish,F,typical,C0,PHN,,,0,0,61.1668,train,generator,see LICENSES.md,273798a42223497706765f2a75569cc102babb048515f3bc40e11ec1754ddd57,Irish (Cork),neutral,False,
B04-CHAMP_RVB,B04-CHAMP,B04,interpretive reading,CHAMP,18-25,Irish,F,typical,C0,RVB,,,0,0,61.1668,train,generator,see LICENSES.md,78315c7e216d47cdd6a40a1a82b82c0104bcb871ca7803ac0fd5fa2ee1516367,Irish (Cork),neutral,False,
B04-CHAMP_RVB__EMPH_FLAT_L3_s9143,B04-CHAMP,B04,interpretive reading,CHAMP,18-25,Irish,F,typical,C0,RVB,EMPH_FLAT,Intonation,3,2,60.685,train,generator,see LICENSES.md,aa34e5e9f05cfcbdca92cd98291c35f8994629633c9d37a4beb3d376808edbe9,Irish (Cork),neutral,False,
B04-CHAMP_RVB__RARE_HESIT_L3_s9134,B04-CHAMP,B04,interpretive reading,CHAMP,18-25,Irish,F,typical,C0,RVB,RARE_HESIT,Fluency,3,2,62.9704,train,generator,see LICENSES.md,5856c030bf2564baa4cbe7a1c36cc7d666c29e1d31e7f84f48c0ea93df6e7cbc,Irish (Cork),neutral,False,
B05-CHAMP_C0__EMPH_FLAT_L3_s6740,B05-CHAMP,B05,interpretive reading,CHAMP,18-25,Indian,F,typical,C0,,EMPH_FLAT,Intonation,3,1,61.7303,test,generator,see LICENSES.md,c63aeabd00abc7e211389225ea3437fcfbc02d53e00d37a96e5395e9896eb7bf,Indian,neutral,False,
B05-CHAMP_C0__FADE_L3_s9575,B05-CHAMP,B05,interpretive reading,CHAMP,18-25,Indian,F,typical,C0,,FADE,Volume,3,3,61.8957,test,generator,see LICENSES.md,7119d76884a65d632427b435a16510dc91f73e8e0898cf9b7d7a17f2af12be95,Indian,neutral,False,
B05-CHAMP_C0__FILLER_L3_s4322,B05-CHAMP,B05,interpretive reading,CHAMP,18-25,Indian,F,typical,C0,,FILLER,Fluency,3,6,64.473,test,generator,see LICENSES.md,53ee9f8e3baa5d43bee1bcd5765fc59c7a3e1e6d2343b655f579b508ba0352a9,Indian,neutral,False,
B05-CHAMP_C0__MONOTONE_L3_s3640,B05-CHAMP,B05,interpretive reading,CHAMP,18-25,Indian,F,typical,C0,,MONOTONE,Intonation,3,1,61.9771,test,generator,see LICENSES.md,bc56db993f79451f95dfa8bbd17cf63d73c2e4aff8edf9bbd3cd9c849ce85774,Indian,neutral,False,
B05-CHAMP_C0__MULTI1_L3_s5652,B05-CHAMP,B05,interpretive reading,CHAMP,18-25,Indian,F,typical,C0,,FADE|PACE_FAST,Pacing|Volume,3,2,60.9283,test,generator,see LICENSES.md,06791339415520c6d7258b6281ec1a9f167990b3cffff10d14bbe450b24a706e,Indian,neutral,False,PACE_FAST|FADE
B05-CHAMP_C0__MULTI2_L3_s2526,B05-CHAMP,B05,interpretive reading,CHAMP,18-25,Indian,F,typical,C0,,MONOTONE|PAUSE_BAD,Intonation|Pausing,3,3,62.9233,test,generator,see LICENSES.md,2ff2bafdda1bf4ea85f8f484b087fb899d68064a7436f3ca8d2c1c5a5f242231,Indian,neutral,False,PAUSE_BAD|MONOTONE
B05-CHAMP_C0__MULTI3_L3_s3032,B05-CHAMP,B05,interpretive reading,CHAMP,18-25,Indian,F,typical,C0,,FILLER|SLUR|UPTALK,Clarity|Fluency|Intonation,3,4,62.5719,test,generator,see LICENSES.md,e56c320257637a92291cfe1460af13d5b97576279180ce4a603dc7bc6e939136,Indian,neutral,False,FILLER|UPTALK|SLUR
B05-CHAMP_C0__MULTI4_L3_s3147,B05-CHAMP,B05,interpretive reading,CHAMP,18-25,Indian,F,typical,C0,,EMPH_FLAT|PACE_SLOW|SHOUT,Intonation|Pacing|Volume,3,3,62.861,test,generator,see LICENSES.md,599bc63f2573c0d2d5b54947acfc58a923045e835709f129c8d9499d6ca7d722,Indian,neutral,False,EMPH_FLAT|PACE_SLOW|SHOUT
B05-CHAMP_C0__MULTI5_L3_s7405,B05-CHAMP,B05,interpretive reading,CHAMP,18-25,Indian,F,typical,C0,,RARE_HESIT|REPEAT|WORD_SWAP,Fluency|Text fidelity,3,5,63.3399,test,generator,see LICENSES.md,d9b1e8bd61f8b108bc87fcd2a0bd8c36bcae8d7b2f932bb2d2374ea32b6b6a5c,Indian,neutral,False,REPEAT|RARE_HESIT|WORD_SWAP
B05-CHAMP_C0__PACE_FAST_L3_s8776,B05-CHAMP,B05,interpretive reading,CHAMP,18-25,Indian,F,typical,C0,,PACE_FAST,Pacing,3,2,60.3415,test,generator,see LICENSES.md,63554062933bb47dae5c11343e8e34d004b54188b666c08a7839ae59f144a261,Indian,neutral,False,
B05-CHAMP_C0__PACE_SLOW_L3_s3361,B05-CHAMP,B05,interpretive reading,CHAMP,18-25,Indian,F,typical,C0,,PACE_SLOW,Pacing,3,2,64.2029,test,generator,see LICENSES.md,438c25b811ed1882a9fe2aade76dc6fedadf6143e532e019e640abd8dc9aed47,Indian,neutral,False,
B05-CHAMP_C0__PAUSE_BAD_L3_s3522,B05-CHAMP,B05,interpretive reading,CHAMP,18-25,Indian,F,typical,C0,,PAUSE_BAD,Pausing,3,3,64.0138,test,generator,see LICENSES.md,df89e8bc5fe898320e9bdbe7e14d0344f720e11658154e09c85e4548bf6daf21,Indian,neutral,False,
B05-CHAMP_C0__PAUSE_LOST_L3_s5765,B05-CHAMP,B05,interpretive reading,CHAMP,18-25,Indian,F,typical,C0,,PAUSE_LOST,Pausing,3,1,61.5951,test,generator,see LICENSES.md,0692fa79855636f50df9da321d38c93f3911589b118b63734be3665d7e738f0d,Indian,neutral,False,
B05-CHAMP_C0__RARE_HESIT_L3_s6447,B05-CHAMP,B05,interpretive reading,CHAMP,18-25,Indian,F,typical,C0,,RARE_HESIT,Fluency,3,1,62.9625,test,generator,see LICENSES.md,1d4ddad7c498a5ebb65bffcdedfa3d8434d3eb16e69bc5bf3ada0464407743e1,Indian,neutral,False,
B05-CHAMP_C0__REPEAT_L3_s7431,B05-CHAMP,B05,interpretive reading,CHAMP,18-25,Indian,F,typical,C0,,REPEAT,Fluency,3,3,64.1915,test,generator,see LICENSES.md,2cca970cc54dcf89f8034e8980626993bc7b851fb846ef3018be1a7bd2e0a64c,Indian,neutral,False,
B05-CHAMP_C0__SHOUT_L3_s7794,B05-CHAMP,B05,interpretive reading,CHAMP,18-25,Indian,F,typical,C0,,SHOUT,Volume,3,2,61.9359,test,generator,see LICENSES.md,143056e22a75145d0a27bd4feec6249e1158487b2c1cd03c6f7795059d230c7e,Indian,neutral,False,
B05-CHAMP_C0__SLUR_L3_s0702,B05-CHAMP,B05,interpretive reading,CHAMP,18-25,Indian,F,typical,C0,,SLUR,Clarity,3,1,61.9829,test,generator,see LICENSES.md,505d372d9f74370fcd994f2d10f0d9b8004cb82dc88b5a6c0e528ccfadd99e53,Indian,neutral,False,
B05-CHAMP_C0__UPTALK_L3_s2670,B05-CHAMP,B05,interpretive reading,CHAMP,18-25,Indian,F,typical,C0,,UPTALK,Intonation,3,1,61.9827,test,generator,see LICENSES.md,6b193530a94e760b71ff25e37cc1e63e52ce51a300d7505e6f81544df82f7ac4,Indian,neutral,False,
B05-CHAMP_C0__WORD_SKIP_L3_s3381,B05-CHAMP,B05,interpretive reading,CHAMP,18-25,Indian,F,typical,C0,,WORD_SKIP,Text fidelity,3,3,61.3747,test,generator,see LICENSES.md,bbfb043f2ecbf23120f4369549c24829bfb306b9b7ea83887ad01456fcd4db4a,Indian,neutral,False,
B05-CHAMP_C0__WORD_SWAP_L3_s2537,B05-CHAMP,B05,interpretive reading,CHAMP,18-25,Indian,F,typical,C0,,WORD_SWAP,Text fidelity,3,3,61.8878,test,generator,see LICENSES.md,65553d5acae26b6ec664b2a942fe207dd456e81690ee41773acc6371b25a496d,Indian,neutral,False,
B05-CHAMP_GAIN,B05-CHAMP,B05,interpretive reading,CHAMP,18-25,Indian,F,typical,C0,GAIN,,,0,0,62.0288,test,generator,see LICENSES.md,480e38fc0e58da1e828279d3c970cf2d9abc204d551569c61adc053ebe4aefb1,Indian,neutral,False,
B05-CHAMP_MP3,B05-CHAMP,B05,interpretive reading,CHAMP,18-25,Indian,F,typical,C0,MP3,,,0,0,62.0288,test,generator,see LICENSES.md,762cc4e2e406161f75e181f9862263c48a066f7124e3e7f38c4dcbccb87d8ec3,Indian,neutral,False,
B05-CHAMP_N10,B05-CHAMP,B05,interpretive reading,CHAMP,18-25,Indian,F,typical,C0,N10,,,0,0,62.0288,test,generator,see LICENSES.md,84986be0848804190045bf42daf43064ecab2f9e58e7abec79ff3a51d0d84e4c,Indian,neutral,False,
B05-CHAMP_N10__FILLER_L3_s4322,B05-CHAMP,B05,interpretive reading,CHAMP,18-25,Indian,F,typical,C0,N10,FILLER,Fluency,3,6,64.473,test,generator,see LICENSES.md,4f03d7580c634791cfc227bda8a91628bd516d454ea86914dbe7313daafb8e1e,Indian,neutral,False,
B05-CHAMP_N20,B05-CHAMP,B05,interpretive reading,CHAMP,18-25,Indian,F,typical,C0,N20,,,0,0,62.0288,test,generator,see LICENSES.md,0547bcf71257987379f0c8c15b9b9c08e2be0ac4d8dd7853d4e24a8bccfd80c0,Indian,neutral,False,
B05-CHAMP_N20__PACE_FAST_L3_s8776,B05-CHAMP,B05,interpretive reading,CHAMP,18-25,Indian,F,typical,C0,N20,PACE_FAST,Pacing,3,2,60.3415,test,generator,see LICENSES.md,c7337bea4962aaada1984c12b803e2bc0a92be4d3d6c74993f329383b790b717,Indian,neutral,False,
B05-CHAMP_PHN,B05-CHAMP,B05,interpretive reading,CHAMP,18-25,Indian,F,typical,C0,PHN,,,0,0,62.0288,test,generator,see LICENSES.md,0ab4b38fcbae49f56cd208eb501dfcb9bcc655d3206b840d08e93098397a03a3,Indian,neutral,False,
B05-CHAMP_PHN__EMPH_FLAT_L3_s6740,B05-CHAMP,B05,interpretive reading,CHAMP,18-25,Indian,F,typical,C0,PHN,EMPH_FLAT,Intonation,3,1,61.7303,test,generator,see LICENSES.md,294444e24276cb1a742c15a18fad90689a6bd8b0d185631237979b519db67ac1,Indian,neutral,False,
B05-CHAMP_RVB,B05-CHAMP,B05,interpretive reading,CHAMP,18-25,Indian,F,typical,C0,RVB,,,0,0,62.0288,test,generator,see LICENSES.md,6a9f514b73bd55d9c603c63273936f3bc7e076cc4f410d6dd7381e7a40b03b6c,Indian,neutral,False,
B05-CHAMP_RVB__FADE_L3_s9575,B05-CHAMP,B05,interpretive reading,CHAMP,18-25,Indian,F,typical,C0,RVB,FADE,Volume,3,3,61.8957,test,generator,see LICENSES.md,01f96d3d0bae75324247ff53f6a42007ab55e376402488e802e83d5a97927c17,Indian,neutral,False,
B06-CHAMP_C0__EMPH_FLAT_L3_s0096,B06-CHAMP,B06,interpretive reading,CHAMP,26-45,Australian,M,typical,C0,,EMPH_FLAT,Intonation,3,3,62.2651,train,generator,see LICENSES.md,57c67c8e344fd899d24e1597e31c9f9f596c8aca312ecfd0b4d57f3a654f7e8b,Australian (English Sydney),neutral,False,
B06-CHAMP_C0__FADE_L3_s3303,B06-CHAMP,B06,interpretive reading,CHAMP,26-45,Australian,M,typical,C0,,FADE,Volume,3,2,62.9163,train,generator,see LICENSES.md,bc37c19d008a4767b931bfbfa1fd484084a0f9ecedd6640302b1707a9a8f9591,Australian (English Sydney),neutral,False,
B06-CHAMP_C0__FILLER_L3_s1529,B06-CHAMP,B06,interpretive reading,CHAMP,26-45,Australian,M,typical,C0,,FILLER,Fluency,3,6,64.9401,train,generator,see LICENSES.md,f1d3e7fec670811cdf16c9d4cb835f18ae81e50ef650a4b3640490161893fd25,Australian (English Sydney),neutral,False,
B06-CHAMP_C0__MONOTONE_L3_s4010,B06-CHAMP,B06,interpretive reading,CHAMP,26-45,Australian,M,typical,C0,,MONOTONE,Intonation,3,2,62.9179,train,generator,see LICENSES.md,3bc956689c2a2518547cef53d4b0650dd944b01c28e4c47e37c653c25a63e325,Australian (English Sydney),neutral,False,
B06-CHAMP_C0__MULTI1_L3_s2191,B06-CHAMP,B06,interpretive reading,CHAMP,26-45,Australian,M,typical,C0,,FADE|PACE_FAST,Pacing|Volume,3,2,62.4074,train,generator,see LICENSES.md,f6bd5c26dc2d7c26f98dfff97c1e29d394488bd64b2c983ff376a98491eef298,Australian (English Sydney),neutral,False,PACE_FAST|FADE
B06-CHAMP_C0__MULTI2_L3_s4773,B06-CHAMP,B06,interpretive reading,CHAMP,26-45,Australian,M,typical,C0,,MONOTONE|PAUSE_BAD,Intonation|Pausing,3,3,63.9391,train,generator,see LICENSES.md,ef0b51fe28807af6ed6b6384ecd5b17c4cce2fd0ce4f6e5d823c1f9a60bdef72,Australian (English Sydney),neutral,False,PAUSE_BAD|MONOTONE
B06-CHAMP_C0__MULTI3_L3_s4067,B06-CHAMP,B06,interpretive reading,CHAMP,26-45,Australian,M,typical,C0,,FILLER|SLUR|UPTALK,Clarity|Fluency|Intonation,3,4,63.6671,train,generator,see LICENSES.md,c744ff7cd16067190df7277dd1d2c5ebae5182637646ae915c48ca1b220eb304,Australian (English Sydney),neutral,False,FILLER|UPTALK|SLUR
B06-CHAMP_C0__MULTI4_L3_s9392,B06-CHAMP,B06,interpretive reading,CHAMP,26-45,Australian,M,typical,C0,,EMPH_FLAT|PACE_SLOW|SHOUT,Intonation|Pacing|Volume,3,3,63.7767,train,generator,see LICENSES.md,cfae835b6b2a44e43fdd4587068c936266a2945580dda987643845c3e9181d7b,Australian (English Sydney),neutral,False,EMPH_FLAT|PACE_SLOW|SHOUT
B06-CHAMP_C0__MULTI5_L3_s8102,B06-CHAMP,B06,interpretive reading,CHAMP,26-45,Australian,M,typical,C0,,RARE_HESIT|REPEAT|WORD_SWAP,Fluency|Text fidelity,3,5,64.5954,train,generator,see LICENSES.md,1b0dfcdff5190b3c83c9321d87fde35b449441b7ab381defcd101ee761f78f93,Australian (English Sydney),neutral,False,REPEAT|RARE_HESIT|WORD_SWAP
B06-CHAMP_C0__PACE_FAST_L3_s9532,B06-CHAMP,B06,interpretive reading,CHAMP,26-45,Australian,M,typical,C0,,PACE_FAST,Pacing,3,1,62.2646,train,generator,see LICENSES.md,5f4436ab929b1e7e763aacb3602fc64f4a0ed9931a01b205ea4d655e6088c163,Australian (English Sydney),neutral,False,
B06-CHAMP_C0__PACE_SLOW_L3_s7301,B06-CHAMP,B06,interpretive reading,CHAMP,26-45,Australian,M,typical,C0,,PACE_SLOW,Pacing,3,2,64.7528,train,generator,see LICENSES.md,55a9f2ff2144b19cf1a7219732c9c609466ef57ecc00e5fedf16714d90c12aed,Australian (English Sydney),neutral,False,
B06-CHAMP_C0__PAUSE_BAD_L3_s5270,B06-CHAMP,B06,interpretive reading,CHAMP,26-45,Australian,M,typical,C0,,PAUSE_BAD,Pausing,3,1,63.9662,train,generator,see LICENSES.md,b3600c459af11db8f960afb5e84a74c6d985750e428e577f701a39e13d6df7cd,Australian (English Sydney),neutral,False,
B06-CHAMP_C0__PAUSE_LOST_L3_s2279,B06-CHAMP,B06,interpretive reading,CHAMP,26-45,Australian,M,typical,C0,,PAUSE_LOST,Pausing,3,1,62.7635,train,generator,see LICENSES.md,31091cbaa16bf529116aa499bb8a82367241e96faa4f3fda181a24a3425905de,Australian (English Sydney),neutral,False,
B06-CHAMP_C0__RARE_HESIT_L3_s9213,B06-CHAMP,B06,interpretive reading,CHAMP,26-45,Australian,M,typical,C0,,RARE_HESIT,Fluency,3,1,63.9353,train,generator,see LICENSES.md,7fb02415b48902399d9bb3c2587de70aad45d18fd9b871c24eabca24a0276229,Australian (English Sydney),neutral,False,
B06-CHAMP_C0__REPEAT_L3_s3724,B06-CHAMP,B06,interpretive reading,CHAMP,26-45,Australian,M,typical,C0,,REPEAT,Fluency,3,2,63.928,train,generator,see LICENSES.md,dc06d3a5fe298e257d98e4e0fea7179eb2006c16678d33c389fa6a0be21fb61f,Australian (English Sydney),neutral,False,
B06-CHAMP_C0__SHOUT_L3_s7340,B06-CHAMP,B06,interpretive reading,CHAMP,26-45,Australian,M,typical,C0,,SHOUT,Volume,3,2,62.919,train,generator,see LICENSES.md,1d2399d8b7559da319506800eeae58bf6904d293dfe182717cc140a90582e6b4,Australian (English Sydney),neutral,False,
B06-CHAMP_C0__SLUR_L3_s2958,B06-CHAMP,B06,interpretive reading,CHAMP,26-45,Australian,M,typical,C0,,SLUR,Clarity,3,3,62.879,train,generator,see LICENSES.md,915d4359861187b933f0c3dc821676bfee287bf1b0a962ba7f6ce16c0e0a8286,Australian (English Sydney),neutral,False,
B06-CHAMP_C0__UPTALK_L3_s7109,B06-CHAMP,B06,interpretive reading,CHAMP,26-45,Australian,M,typical,C0,,UPTALK,Intonation,3,1,62.9685,train,generator,see LICENSES.md,1b542245b83069404c514e08e43c5525097a0c565f5f1dd482a57e5fe7d2667c,Australian (English Sydney),neutral,False,
B06-CHAMP_C0__WORD_SKIP_L3_s5825,B06-CHAMP,B06,interpretive reading,CHAMP,26-45,Australian,M,typical,C0,,WORD_SKIP,Text fidelity,3,3,62.4176,train,generator,see LICENSES.md,548fa0b3bf9b449dfde34738d4d7f217d156c2991bfb88c8045afec2c632558c,Australian (English Sydney),neutral,False,
B06-CHAMP_C0__WORD_SWAP_L3_s3037,B06-CHAMP,B06,interpretive reading,CHAMP,26-45,Australian,M,typical,C0,,WORD_SWAP,Text fidelity,3,3,62.8694,train,generator,see LICENSES.md,7ae8fb06ee5f7a6e5fadbb4cd7973df8878c70ad213d6d84419bcbc7a78672f2,Australian (English Sydney),neutral,False,
B06-CHAMP_GAIN,B06-CHAMP,B06,interpretive reading,CHAMP,26-45,Australian,M,typical,C0,GAIN,,,0,0,63.0125,train,generator,see LICENSES.md,8b5388c2dc958bda2c3c20243434599428cae0c3d0b9964c72fd15ef64a3a259,Australian (English Sydney),neutral,False,
B06-CHAMP_MP3,B06-CHAMP,B06,interpretive reading,CHAMP,26-45,Australian,M,typical,C0,MP3,,,0,0,63.0125,train,generator,see LICENSES.md,81d8e0301eb5116654081e396206fa3e6462e5fdee33ebb8b89d5c805c62d095,Australian (English Sydney),neutral,False,
B06-CHAMP_MP3__WORD_SKIP_L3_s5825,B06-CHAMP,B06,interpretive reading,CHAMP,26-45,Australian,M,typical,C0,MP3,WORD_SKIP,Text fidelity,3,3,62.4176,train,generator,see LICENSES.md,af84ea4192395d050648240e0448ef5a13e74623657a1f76748601748009d38a,Australian (English Sydney),neutral,False,
B06-CHAMP_N10,B06-CHAMP,B06,interpretive reading,CHAMP,26-45,Australian,M,typical,C0,N10,,,0,0,63.0125,train,generator,see LICENSES.md,496c81ae80493ee60cb6ad1893c5a8e463a711406a3e538661ff4042dedc16b0,Australian (English Sydney),neutral,False,
B06-CHAMP_N10__EMPH_FLAT_L3_s0096,B06-CHAMP,B06,interpretive reading,CHAMP,26-45,Australian,M,typical,C0,N10,EMPH_FLAT,Intonation,3,3,62.2651,train,generator,see LICENSES.md,8c713c3e1eb1c96d17d44d0ecc1c8c59e2930d065e001b0eb6dbf2208bebeb9b,Australian (English Sydney),neutral,False,
B06-CHAMP_N20,B06-CHAMP,B06,interpretive reading,CHAMP,26-45,Australian,M,typical,C0,N20,,,0,0,63.0125,train,generator,see LICENSES.md,c4eb0a1447922a50fcf07d65688fdac376d9ac15831163da3578c8fe10da0514,Australian (English Sydney),neutral,False,
B06-CHAMP_N20__SLUR_L3_s2958,B06-CHAMP,B06,interpretive reading,CHAMP,26-45,Australian,M,typical,C0,N20,SLUR,Clarity,3,3,62.879,train,generator,see LICENSES.md,3703a00dfcb84e1928fc2f65f060b25b4a550249fe285295a87dba8d26e7b76d,Australian (English Sydney),neutral,False,
B06-CHAMP_PHN,B06-CHAMP,B06,interpretive reading,CHAMP,26-45,Australian,M,typical,C0,PHN,,,0,0,63.0125,train,generator,see LICENSES.md,0168c921316b66b7db5a604215ae8536779fd3be2434aeae96d362553a709cf8,Australian (English Sydney),neutral,False,
B06-CHAMP_PHN__RARE_HESIT_L3_s9213,B06-CHAMP,B06,interpretive reading,CHAMP,26-45,Australian,M,typical,C0,PHN,RARE_HESIT,Fluency,3,1,63.9353,train,generator,see LICENSES.md,55bac5f48325531aa26a0db189aa6b8c8b9d8a69855b8e886bf70dfbb8e4a146,Australian (English Sydney),neutral,False,
B06-CHAMP_PHN__SLUR_L3_s2958,B06-CHAMP,B06,interpretive reading,CHAMP,26-45,Australian,M,typical,C0,PHN,SLUR,Clarity,3,3,62.879,train,generator,see LICENSES.md,f9f4a5acd12e2215be77c46f33b980050ff0ac618fbc41763cb263f3b2079073,Australian (English Sydney),neutral,False,
B06-CHAMP_RVB,B06-CHAMP,B06,interpretive reading,CHAMP,26-45,Australian,M,typical,C0,RVB,,,0,0,63.0125,train,generator,see LICENSES.md,e94672393c278f904f06ebb7a2f5504baaf3b3eea5e3660a45289bc483470e1d,Australian (English Sydney),neutral,False,
B06-CHAMP_RVB__UPTALK_L3_s7109,B06-CHAMP,B06,interpretive reading,CHAMP,26-45,Australian,M,typical,C0,RVB,UPTALK,Intonation,3,1,62.9685,train,generator,see LICENSES.md,2f9fe103464170efc06a2a0f11dd5a19ca6b018d00f4d702304b8da19b0f6574,Australian (English Sydney),neutral,False,
B07-CHAMP_C0__EMPH_FLAT_L3_s6675,B07-CHAMP,B07,interpretive reading,CHAMP,18-25,American,M,typical,C0,,EMPH_FLAT,Intonation,3,1,60.312,train,generator,see LICENSES.md,2c1cae9e0e0ac4c3e5db0795371c0ecd33929fb57a3cd6edbb2cfe879937afdd,American (Florida),neutral,False,
B07-CHAMP_C0__FADE_L3_s3672,B07-CHAMP,B07,interpretive reading,CHAMP,18-25,American,M,typical,C0,,FADE,Volume,3,1,60.4906,train,generator,see LICENSES.md,4c9da463727d40b290c78ab4369fd879b6e058c3d5cba4606c1525a93557a41d,American (Florida),neutral,False,
B07-CHAMP_C0__FILLER_L3_s7599,B07-CHAMP,B07,interpretive reading,CHAMP,18-25,American,M,typical,C0,,FILLER,Fluency,3,6,63.701,train,generator,see LICENSES.md,2515cf8068e36c26a1fd09f5be3c48b7fa8d40b69d76a3f8e66290609e0e0e1d,American (Florida),neutral,False,
B07-CHAMP_C0__MONOTONE_L3_s5963,B07-CHAMP,B07,interpretive reading,CHAMP,18-25,American,M,typical,C0,,MONOTONE,Intonation,3,3,60.4082,train,generator,see LICENSES.md,d218763932179313f4afcc51d68dd0a2b9ebf0c582b95b6a2307d297ce3fa6cb,American (Florida),neutral,False,
B07-CHAMP_C0__MULTI1_L3_s4089,B07-CHAMP,B07,interpretive reading,CHAMP,18-25,American,M,typical,C0,,FADE|PACE_FAST,Pacing|Volume,3,2,59.9148,train,generator,see LICENSES.md,43d8b5c968b4ae80717ada991958a620011fe9249cae7556a0aa93eb856124a8,American (Florida),neutral,False,PACE_FAST|FADE
B07-CHAMP_C0__MULTI2_L3_s9427,B07-CHAMP,B07,interpretive reading,CHAMP,18-25,American,M,typical,C0,,MONOTONE|PAUSE_BAD,Intonation|Pausing,3,3,61.4759,train,generator,see LICENSES.md,d5689dcf862a1721232128673961553ab5c17e2e61332a39a506a345d0b5fb2c,American (Florida),neutral,False,PAUSE_BAD|MONOTONE
B07-CHAMP_C0__MULTI3_L3_s2885,B07-CHAMP,B07,interpretive reading,CHAMP,18-25,American,M,typical,C0,,FILLER|SLUR|UPTALK,Clarity|Fluency|Intonation,3,4,61.1524,train,generator,see LICENSES.md,906c7e8473a2e1145bd4541e52cf8979865c1e1e3012248c36a0f8eab3c425bb,American (Florida),neutral,False,FILLER|UPTALK|SLUR
B07-CHAMP_C0__MULTI4_L3_s7494,B07-CHAMP,B07,interpretive reading,CHAMP,18-25,American,M,typical,C0,,EMPH_FLAT|PACE_SLOW|SHOUT,Intonation|Pacing|Volume,3,3,61.1686,train,generator,see LICENSES.md,594afec906d692bda895522b89f8d638125134b2551b4df8ecacec4977f0e6e1,American (Florida),neutral,False,EMPH_FLAT|PACE_SLOW|SHOUT
B07-CHAMP_C0__MULTI5_L3_s7888,B07-CHAMP,B07,interpretive reading,CHAMP,18-25,American,M,typical,C0,,RARE_HESIT|REPEAT|WORD_SWAP,Fluency|Text fidelity,3,5,61.8511,train,generator,see LICENSES.md,0bdb02e57b70538d6ab14288b64362c1af0338640c7ec22d025a99a549075f14,American (Florida),neutral,False,REPEAT|RARE_HESIT|WORD_SWAP
B07-CHAMP_C0__PACE_FAST_L3_s5983,B07-CHAMP,B07,interpretive reading,CHAMP,18-25,American,M,typical,C0,,PACE_FAST,Pacing,3,1,59.757,train,generator,see LICENSES.md,0e107fc84854c67c96d77ce224e04aa501005a939d334a6c75b4e961204a59f7,American (Florida),neutral,False,
B07-CHAMP_C0__PACE_SLOW_L3_s2150,B07-CHAMP,B07,interpretive reading,CHAMP,18-25,American,M,typical,C0,,PACE_SLOW,Pacing,3,1,61.4363,train,generator,see LICENSES.md,b4ba292a19e56389cf137883c30ee6469eb1e7eeac63150c58ce22475b1e6a7d,American (Florida),neutral,False,
B07-CHAMP_C0__PAUSE_BAD_L3_s1141,B07-CHAMP,B07,interpretive reading,CHAMP,18-25,American,M,typical,C0,,PAUSE_BAD,Pausing,3,2,61.5165,train,generator,see LICENSES.md,530dc891e979680f1d416c22626137b2c4b5788754de4901f4ce2958eb3f7fe7,American (Florida),neutral,False,
B07-CHAMP_C0__PAUSE_LOST_L3_s7430,B07-CHAMP,B07,interpretive reading,CHAMP,18-25,American,M,typical,C0,,PAUSE_LOST,Pausing,3,3,59.6579,train,generator,see LICENSES.md,574131a76d10275da5ff85e0adb039e4d6e7fe1f7b54c0c4e1f37d8471693eca,American (Florida),neutral,False,
B07-CHAMP_C0__RARE_HESIT_L3_s4220,B07-CHAMP,B07,interpretive reading,CHAMP,18-25,American,M,typical,C0,,RARE_HESIT,Fluency,3,4,63.3998,train,generator,see LICENSES.md,18891c6d19dab8d5ed256a65b9d1c41f7b7748bd16caefaca6d386791144fc22,American (Florida),neutral,False,
B07-CHAMP_C0__REPEAT_L3_s7082,B07-CHAMP,B07,interpretive reading,CHAMP,18-25,American,M,typical,C0,,REPEAT,Fluency,3,3,62.0517,train,generator,see LICENSES.md,d4592c7dbb76b672875576ad4ff5bfb96402219c8933f508af3f6f2b94022b5c,American (Florida),neutral,False,
B07-CHAMP_C0__SHOUT_L3_s9417,B07-CHAMP,B07,interpretive reading,CHAMP,18-25,American,M,typical,C0,,SHOUT,Volume,3,1,60.4922,train,generator,see LICENSES.md,e6aa3f12f9c90e72767f5e10a847d185d1692a9d122767e1f281bffbfb9621d5,American (Florida),neutral,False,
B07-CHAMP_C0__SLUR_L3_s3249,B07-CHAMP,B07,interpretive reading,CHAMP,18-25,American,M,typical,C0,,SLUR,Clarity,3,2,60.4537,train,generator,see LICENSES.md,868d958ae66289fd914a95c224f15a24cf1bd3d4fef2ca2b6d0de84bc75563da,American (Florida),neutral,False,
B07-CHAMP_C0__UPTALK_L3_s5811,B07-CHAMP,B07,interpretive reading,CHAMP,18-25,American,M,typical,C0,,UPTALK,Intonation,3,1,60.4865,train,generator,see LICENSES.md,eb8282fc2fc767942132b40e1b816d6d03bbabb9d881a314ee505f6d3cb9a4a4,American (Florida),neutral,False,
B07-CHAMP_C0__WORD_SKIP_L3_s1058,B07-CHAMP,B07,interpretive reading,CHAMP,18-25,American,M,typical,C0,,WORD_SKIP,Text fidelity,3,3,59.6022,train,generator,see LICENSES.md,39dc5c9ed9731c6d9247170358d9bc9eb36233ab66942d1f7decd287a68606c9,American (Florida),neutral,False,
B07-CHAMP_C0__WORD_SWAP_L3_s3310,B07-CHAMP,B07,interpretive reading,CHAMP,18-25,American,M,typical,C0,,WORD_SWAP,Text fidelity,3,3,60.3963,train,generator,see LICENSES.md,3ed4f9258c1298e38afd7b3a492338a5ec107389a8e90553b44c0a8f8e7975e1,American (Florida),neutral,False,
B07-CHAMP_GAIN,B07-CHAMP,B07,interpretive reading,CHAMP,18-25,American,M,typical,C0,GAIN,,,0,0,60.5349,train,generator,see LICENSES.md,6650793665cff63f90baea854045601d3e31716b4184d311869cc99dde4c59aa,American (Florida),neutral,False,
B07-CHAMP_MP3,B07-CHAMP,B07,interpretive reading,CHAMP,18-25,American,M,typical,C0,MP3,,,0,0,60.5349,train,generator,see LICENSES.md,92c3d9059d95ed603c7a736b7693c7c6e9e19a3a0dc29dd4576ee835117b390e,American (Florida),neutral,False,
B07-CHAMP_MP3__WORD_SWAP_L3_s3310,B07-CHAMP,B07,interpretive reading,CHAMP,18-25,American,M,typical,C0,MP3,WORD_SWAP,Text fidelity,3,3,60.3963,train,generator,see LICENSES.md,2ac6e4339ffb37d9c3a2962bd6e4ac7b3c863b5e745a5606be74c15165f4641f,American (Florida),neutral,False,
B07-CHAMP_N10,B07-CHAMP,B07,interpretive reading,CHAMP,18-25,American,M,typical,C0,N10,,,0,0,60.5349,train,generator,see LICENSES.md,b0688c83e59c6a8f190f12c837300a07ff66d704d390a25a5735300d6a0eb92a,American (Florida),neutral,False,
B07-CHAMP_N20,B07-CHAMP,B07,interpretive reading,CHAMP,18-25,American,M,typical,C0,N20,,,0,0,60.5349,train,generator,see LICENSES.md,7eb0076475511da92b0db1189449e382b2391567eeb5f72d9e06d8503fa66b27,American (Florida),neutral,False,
B07-CHAMP_N20__FADE_L3_s3672,B07-CHAMP,B07,interpretive reading,CHAMP,18-25,American,M,typical,C0,N20,FADE,Volume,3,1,60.4906,train,generator,see LICENSES.md,6d112e6e785b29e6cdc893db889d9eb06a7118ff6665254c95c2e736511dd18f,American (Florida),neutral,False,
B07-CHAMP_N20__PAUSE_BAD_L3_s1141,B07-CHAMP,B07,interpretive reading,CHAMP,18-25,American,M,typical,C0,N20,PAUSE_BAD,Pausing,3,2,61.5165,train,generator,see LICENSES.md,9cc042c89bbb85f9f6c5aded6d0b934e0b1c322a96d70c9c0cdcac233425da9c,American (Florida),neutral,False,
B07-CHAMP_PHN,B07-CHAMP,B07,interpretive reading,CHAMP,18-25,American,M,typical,C0,PHN,,,0,0,60.5349,train,generator,see LICENSES.md,49873b438ff538eb14be6d40d7ccffa31b0cd324529e176f8fb248561a6a3e69,American (Florida),neutral,False,
B07-CHAMP_PHN__PACE_SLOW_L3_s2150,B07-CHAMP,B07,interpretive reading,CHAMP,18-25,American,M,typical,C0,PHN,PACE_SLOW,Pacing,3,1,61.4363,train,generator,see LICENSES.md,ebfb0b391eb6602bf4b850cf9a9db486f5bfb914d00e5d9a184bb885af7a3192,American (Florida),neutral,False,
B07-CHAMP_PHN__SHOUT_L3_s9417,B07-CHAMP,B07,interpretive reading,CHAMP,18-25,American,M,typical,C0,PHN,SHOUT,Volume,3,1,60.4922,train,generator,see LICENSES.md,d9c76104d5eed1326b62b2f12585894c813946e497140da95d1d572fde8bd600,American (Florida),neutral,False,
B07-CHAMP_RVB,B07-CHAMP,B07,interpretive reading,CHAMP,18-25,American,M,typical,C0,RVB,,,0,0,60.5349,train,generator,see LICENSES.md,f6a2e051e233a395fe012ced97231c903df0a831a7894f97b009ed64b0bfa1de,American (Florida),neutral,False,
B08-CHAMP_C0__EMPH_FLAT_L3_s0486,B08-CHAMP,B08,interpretive reading,CHAMP,26-45,SouthAfrican,F,typical,C0,,EMPH_FLAT,Intonation,3,1,62.5058,test,generator,see LICENSES.md,6c5107ea4604b2606121f5a692eccb1231899805c0c3e8cf06d4d0ec1a559388,SouthAfrican (Cape Town),neutral,False,
B08-CHAMP_C0__FADE_L3_s3657,B08-CHAMP,B08,interpretive reading,CHAMP,26-45,SouthAfrican,F,typical,C0,,FADE,Volume,3,1,62.6991,test,generator,see LICENSES.md,8a6bfa0d1fc45adc7d5e20472faad35a465a273bdcefa5b8510b0b815a1ebdd8,SouthAfrican (Cape Town),neutral,False,
B08-CHAMP_C0__FILLER_L3_s6905,B08-CHAMP,B08,interpretive reading,CHAMP,26-45,SouthAfrican,F,typical,C0,,FILLER,Fluency,3,6,64.9057,test,generator,see LICENSES.md,8a06eb3f54638c74a454006a96044a8ddbc6f8b7be3f6db323384ed51c4bf54c,SouthAfrican (Cape Town),neutral,False,
B08-CHAMP_C0__MONOTONE_L3_s7169,B08-CHAMP,B08,interpretive reading,CHAMP,26-45,SouthAfrican,F,typical,C0,,MONOTONE,Intonation,3,3,62.6007,test,generator,see LICENSES.md,9aa0122231199987ed3c98fa0f1bec9c19c6cead9a945f88511cb8837e6217bf,SouthAfrican (Cape Town),neutral,False,
B08-CHAMP_C0__MULTI1_L3_s6351,B08-CHAMP,B08,interpretive reading,CHAMP,26-45,SouthAfrican,F,typical,C0,,FADE|PACE_FAST,Pacing|Volume,3,2,61.8276,test,generator,see LICENSES.md,62d905dfc767eec791d7c8f7d9a4c1b621bad1fbef2f69a54fc25d86b2cc84db,SouthAfrican (Cape Town),neutral,False,PACE_FAST|FADE
B08-CHAMP_C0__MULTI2_L3_s4565,B08-CHAMP,B08,interpretive reading,CHAMP,26-45,SouthAfrican,F,typical,C0,,MONOTONE|PAUSE_BAD,Intonation|Pausing,3,3,63.6382,test,generator,see LICENSES.md,87b032a1bd5f8b3e02f2f65a56a804b72dbb50c7dc462998c33a05a38eb88ff1,SouthAfrican (Cape Town),neutral,False,PAUSE_BAD|MONOTONE
B08-CHAMP_C0__MULTI3_L3_s6931,B08-CHAMP,B08,interpretive reading,CHAMP,26-45,SouthAfrican,F,typical,C0,,FILLER|SLUR|UPTALK,Clarity|Fluency|Intonation,3,4,63.4602,test,generator,see LICENSES.md,f1710215e593cb3c44e8402a5821b9bd1410d0bb9e78f990bac75dd4ce776c9b,SouthAfrican (Cape Town),neutral,False,FILLER|UPTALK|SLUR
B08-CHAMP_C0__MULTI4_L3_s1968,B08-CHAMP,B08,interpretive reading,CHAMP,26-45,SouthAfrican,F,typical,C0,,EMPH_FLAT|PACE_SLOW|SHOUT,Intonation|Pacing|Volume,3,3,63.3801,test,generator,see LICENSES.md,cd885098e34c95f668920c51d33901bbc7b1d2e4c1f207c9404e7fde11542088,SouthAfrican (Cape Town),neutral,False,EMPH_FLAT|PACE_SLOW|SHOUT
B08-CHAMP_C0__MULTI5_L3_s5750,B08-CHAMP,B08,interpretive reading,CHAMP,26-45,SouthAfrican,F,typical,C0,,RARE_HESIT|REPEAT|WORD_SWAP,Fluency|Text fidelity,3,6,63.9477,test,generator,see LICENSES.md,a47cddaeb059abbc660bf9a7cdd12d5ca0fb3b5a92dc15987ed7342827ed8180,SouthAfrican (Cape Town),neutral,False,REPEAT|RARE_HESIT|WORD_SWAP
B08-CHAMP_C0__PACE_FAST_L3_s4874,B08-CHAMP,B08,interpretive reading,CHAMP,26-45,SouthAfrican,F,typical,C0,,PACE_FAST,Pacing,3,2,61.0902,test,generator,see LICENSES.md,9a75018d3b416694f4903be291808f50d3f6e8135cb37319a13383a305b13932,SouthAfrican (Cape Town),neutral,False,
B08-CHAMP_C0__PACE_SLOW_L3_s6499,B08-CHAMP,B08,interpretive reading,CHAMP,26-45,SouthAfrican,F,typical,C0,,PACE_SLOW,Pacing,3,3,65.8599,test,generator,see LICENSES.md,ea8ab335c4f4b7b250b1ab6a85698e161ab6fa46909ae248567b98cc2de78bf4,SouthAfrican (Cape Town),neutral,False,
B08-CHAMP_C0__PAUSE_BAD_L3_s0720,B08-CHAMP,B08,interpretive reading,CHAMP,26-45,SouthAfrican,F,typical,C0,,PAUSE_BAD,Pausing,3,4,64.6825,test,generator,see LICENSES.md,4311b13c946016ec83171a2cf55eb34f3c3091e192d989b090fd67a07595750b,SouthAfrican (Cape Town),neutral,False,
B08-CHAMP_C0__PAUSE_LOST_L3_s1166,B08-CHAMP,B08,interpretive reading,CHAMP,26-45,SouthAfrican,F,typical,C0,,PAUSE_LOST,Pausing,3,1,62.5027,test,generator,see LICENSES.md,fb9bc84afae51b0ee3d7f4944cc7065fd5c7971f783f0fa3144828408e507918,SouthAfrican (Cape Town),neutral,False,
B08-CHAMP_C0__RARE_HESIT_L3_s5876,B08-CHAMP,B08,interpretive reading,CHAMP,26-45,SouthAfrican,F,typical,C0,,RARE_HESIT,Fluency,3,3,64.7466,test,generator,see LICENSES.md,1a9cdada82d8343f00a57bda41b10bdd6e6156649f99aacbfbbd878f69c1369d,SouthAfrican (Cape Town),neutral,False,
B08-CHAMP_C0__REPEAT_L3_s7276,B08-CHAMP,B08,interpretive reading,CHAMP,26-45,SouthAfrican,F,typical,C0,,REPEAT,Fluency,3,1,63.2411,test,generator,see LICENSES.md,c56a1a127979e9b50229f7f82e13ece678b70be0952d132159a4105f50b6d2d6,SouthAfrican (Cape Town),neutral,False,
B08-CHAMP_C0__SHOUT_L3_s9900,B08-CHAMP,B08,interpretive reading,CHAMP,26-45,SouthAfrican,F,typical,C0,,SHOUT,Volume,3,2,62.6563,test,generator,see LICENSES.md,b8c3e5768bfd74b475a5bdbca97593747754dd0ea86788c3b0f3b4ee5c3a3d79,SouthAfrican (Cape Town),neutral,False,
B08-CHAMP_C0__SLUR_L3_s0000,B08-CHAMP,B08,interpretive reading,CHAMP,26-45,SouthAfrican,F,typical,C0,,SLUR,Clarity,3,3,62.597,test,generator,see LICENSES.md,5fcc4183339b7716231a6da12fc00010fa2e33871725a7a7a89b4ada1aa11c5d,SouthAfrican (Cape Town),neutral,False,
B08-CHAMP_C0__UPTALK_L3_s4149,B08-CHAMP,B08,interpretive reading,CHAMP,26-45,SouthAfrican,F,typical,C0,,UPTALK,Intonation,3,1,62.6901,test,generator,see LICENSES.md,a162a449d4f7655c576fd7f89ba9ee01c274d276dc89b9a9623aa697eb167426,SouthAfrican (Cape Town),neutral,False,
B08-CHAMP_C0__WORD_SKIP_L3_s9367,B08-CHAMP,B08,interpretive reading,CHAMP,26-45,SouthAfrican,F,typical,C0,,WORD_SKIP,Text fidelity,3,3,62.0591,test,generator,see LICENSES.md,97ff359c2c1850966f3a1c2dfc3750fcf44f03f919d3c99954b1e03859cd42a0,SouthAfrican (Cape Town),neutral,False,
B08-CHAMP_C0__WORD_SWAP_L3_s9275,B08-CHAMP,B08,interpretive reading,CHAMP,26-45,SouthAfrican,F,typical,C0,,WORD_SWAP,Text fidelity,3,3,62.6026,test,generator,see LICENSES.md,abc4fc6ee267232dfa35a4f925fb97b70b0e1ee8fc2bf8d1e87edc3bbb77ded0,SouthAfrican (Cape Town),neutral,False,
B08-CHAMP_GAIN,B08-CHAMP,B08,interpretive reading,CHAMP,26-45,SouthAfrican,F,typical,C0,GAIN,,,0,0,62.7392,test,generator,see LICENSES.md,a3b285698960378c9ac0446ef2cea335ead60a279a75cf5be98d2ec3a495a79c,SouthAfrican (Cape Town),neutral,False,
B08-CHAMP_GAIN__PAUSE_LOST_L3_s1166,B08-CHAMP,B08,interpretive reading,CHAMP,26-45,SouthAfrican,F,typical,C0,GAIN,PAUSE_LOST,Pausing,3,1,62.5027,test,generator,see LICENSES.md,72fc65d3011e9f2b1576eb023bd34db806d91abfba51eb6fa8468fc7a6bb77d0,SouthAfrican (Cape Town),neutral,False,
B08-CHAMP_GAIN__REPEAT_L3_s7276,B08-CHAMP,B08,interpretive reading,CHAMP,26-45,SouthAfrican,F,typical,C0,GAIN,REPEAT,Fluency,3,1,63.2411,test,generator,see LICENSES.md,527b73b7360d4aed109ed9c7864b1de86659cad3ad2ef9f4713857f399d16fbd,SouthAfrican (Cape Town),neutral,False,
B08-CHAMP_MP3,B08-CHAMP,B08,interpretive reading,CHAMP,26-45,SouthAfrican,F,typical,C0,MP3,,,0,0,62.7392,test,generator,see LICENSES.md,bc2c61ef2f6c9b281c45c84c081d6f66cba2154a0a8a5f68895672fb3807e67e,SouthAfrican (Cape Town),neutral,False,
B08-CHAMP_MP3__EMPH_FLAT_L3_s0486,B08-CHAMP,B08,interpretive reading,CHAMP,26-45,SouthAfrican,F,typical,C0,MP3,EMPH_FLAT,Intonation,3,1,62.5058,test,generator,see LICENSES.md,f10657014c69b8a1487327aecc8c21955099eb810d112bc7072091ab532e168d,SouthAfrican (Cape Town),neutral,False,
B08-CHAMP_N10,B08-CHAMP,B08,interpretive reading,CHAMP,26-45,SouthAfrican,F,typical,C0,N10,,,0,0,62.7392,test,generator,see LICENSES.md,fabfe1b639e53f96ec280c6a30f58b08390f7d67df51ab7af8193737e6ac42ea,SouthAfrican (Cape Town),neutral,False,
B08-CHAMP_N20,B08-CHAMP,B08,interpretive reading,CHAMP,26-45,SouthAfrican,F,typical,C0,N20,,,0,0,62.7392,test,generator,see LICENSES.md,4d658bbfc84924d0250a5a126b8cadc3d334f46cf00ce1ba06ede89ac2df18c4,SouthAfrican (Cape Town),neutral,False,
B08-CHAMP_PHN,B08-CHAMP,B08,interpretive reading,CHAMP,26-45,SouthAfrican,F,typical,C0,PHN,,,0,0,62.7392,test,generator,see LICENSES.md,7104b43dcebff15ab7f335d1a0b502daaff32b47343ff7eb6478e5afa822b294,SouthAfrican (Cape Town),neutral,False,
B08-CHAMP_RVB,B08-CHAMP,B08,interpretive reading,CHAMP,26-45,SouthAfrican,F,typical,C0,RVB,,,0,0,62.7392,test,generator,see LICENSES.md,d7461bdde339b17c549ed6a0f70be016cb181e384456002c284128771e49b061,SouthAfrican (Cape Town),neutral,False,
B09-CHAMP_C0__EMPH_FLAT_L1_s4229,B09-CHAMP,B09,persuasive oratory,CHAMP,26-45,American (New England),M,typical,C0,,EMPH_FLAT,Intonation,1,3,65.4055,extra,generator,see LICENSES.md,b3be08a3a73f2fafda3db085c0d539c6958026a4b0266f99ef5bfecc03829e81,American (Massachusetts),formal oratory,False,
B09-CHAMP_C0__EMPH_FLAT_L2_s4229,B09-CHAMP,B09,persuasive oratory,CHAMP,26-45,American (New England),M,typical,C0,,EMPH_FLAT,Intonation,2,3,65.3298,extra,generator,see LICENSES.md,c164fd5cf745efddef2e718a196d8cc47a5ed211e6f7a2b079f1e69e52991f31,American (Massachusetts),formal oratory,False,
B09-CHAMP_C0__EMPH_FLAT_L3_s4229,B09-CHAMP,B09,persuasive oratory,CHAMP,26-45,American (New England),M,typical,C0,,EMPH_FLAT,Intonation,3,3,65.2289,extra,generator,see LICENSES.md,f06c2890a8197d92df8ada2133b71d5107fc6fbbade5b29f7d513cd9b009b115,American (Massachusetts),formal oratory,False,
B09-CHAMP_C0__EMPH_FLAT_L4_s4229,B09-CHAMP,B09,persuasive oratory,CHAMP,26-45,American (New England),M,typical,C0,,EMPH_FLAT,Intonation,4,3,65.1285,extra,generator,see LICENSES.md,624a65973c15677b4319ed03972f9db059459ceef7710771f05a961f15ba05db,American (Massachusetts),formal oratory,False,
B09-CHAMP_C0__EMPH_FLAT_L5_s4229,B09-CHAMP,B09,persuasive oratory,CHAMP,26-45,American (New England),M,typical,C0,,EMPH_FLAT,Intonation,5,3,65.0206,extra,generator,see LICENSES.md,63ee33d04a120aabaea9efb33ee308bb611415ad125a6b6b9b0e67b3fb9cfeea,American (Massachusetts),formal oratory,False,
B09-CHAMP_C0__FADE_L1_s6150,B09-CHAMP,B09,persuasive oratory,CHAMP,26-45,American (New England),M,typical,C0,,FADE,Volume,1,1,65.9559,extra,generator,see LICENSES.md,2ba900c5f0479753e8229df2bebd16a02f4fd36b258253b34d0efc9ebc1d40cb,American (Massachusetts),formal oratory,False,
B09-CHAMP_C0__FADE_L2_s6150,B09-CHAMP,B09,persuasive oratory,CHAMP,26-45,American (New England),M,typical,C0,,FADE,Volume,2,1,65.9559,extra,generator,see LICENSES.md,7ee27693bef998994408343b51d4146942ade70749e9dd9474e657ed83757297,American (Massachusetts),formal oratory,False,
B09-CHAMP_C0__FADE_L3_s6150,B09-CHAMP,B09,persuasive oratory,CHAMP,26-45,American (New England),M,typical,C0,,FADE,Volume,3,1,65.9559,extra,generator,see LICENSES.md,a35f1af88babf6d0aecfad925ac34080965c74ba07b52ba056b69bc9dd9e6df3,American (Massachusetts),formal oratory,False,
B09-CHAMP_C0__FADE_L4_s6150,B09-CHAMP,B09,persuasive oratory,CHAMP,26-45,American (New England),M,typical,C0,,FADE,Volume,4,1,65.9559,extra,generator,see LICENSES.md,52ecf208c48f9cd1cd3c7004b5b5b1b6fb1a88bf60b6941035cebbb402b996a6,American (Massachusetts),formal oratory,False,
B09-CHAMP_C0__FADE_L5_s6150,B09-CHAMP,B09,persuasive oratory,CHAMP,26-45,American (New England),M,typical,C0,,FADE,Volume,5,1,65.9559,extra,generator,see LICENSES.md,4fc7edb75c23d5c1276b5617d1a0b26b02547aa02e5c2e13db3298fbf5607d6a,American (Massachusetts),formal oratory,False,
B09-CHAMP_C0__FILLER_L1_s4783,B09-CHAMP,B09,persuasive oratory,CHAMP,26-45,American (New England),M,typical,C0,,FILLER,Fluency,1,2,66.9945,extra,generator,see LICENSES.md,4037abc67698947211e537cac5449f9e7c894c5549e9faaea85704c0cc7a6361,American (Massachusetts),formal oratory,False,
B09-CHAMP_C0__FILLER_L2_s4783,B09-CHAMP,B09,persuasive oratory,CHAMP,26-45,American (New England),M,typical,C0,,FILLER,Fluency,2,4,68.0874,extra,generator,see LICENSES.md,5fa111696fd6f5da2545c26c9ed39de5cf78726738bc20172c88b0caeaa18035,American (Massachusetts),formal oratory,False,
B09-CHAMP_C0__FILLER_L3_s4783,B09-CHAMP,B09,persuasive oratory,CHAMP,26-45,American (New England),M,typical,C0,,FILLER,Fluency,3,6,69.1597,extra,generator,see LICENSES.md,81e45cdd32385c1862c3fd7e68567e2aa65ab7ec1fbcbec43102c2d4d213de3d,American (Massachusetts),formal oratory,False,
B09-CHAMP_C0__FILLER_L4_s4783,B09-CHAMP,B09,persuasive oratory,CHAMP,26-45,American (New England),M,typical,C0,,FILLER,Fluency,4,11,70.809,extra,generator,see LICENSES.md,7cae91ee0a57e83ad62b3b7fc64ba23cbdb5067b7e0d5d640748534d25d1a0bf,American (Massachusetts),formal oratory,False,
B09-CHAMP_C0__FILLER_L5_s4783,B09-CHAMP,B09,persuasive oratory,CHAMP,26-45,American (New England),M,typical,C0,,FILLER,Fluency,5,17,73.1293,extra,generator,see LICENSES.md,1760c78b396ab95ba1edfd80b4a20f358171d99b339f8f3f3ada0f0b3afc6890,American (Massachusetts),formal oratory,False,
B09-CHAMP_C0__MONOTONE_L1_s3312,B09-CHAMP,B09,persuasive oratory,CHAMP,26-45,American (New England),M,typical,C0,,MONOTONE,Intonation,1,2,65.9052,extra,generator,see LICENSES.md,1106713064ce2dc685c90bb4607164351877df2e6233afcc3ec58a8f6ac17e33,American (Massachusetts),formal oratory,False,
B09-CHAMP_C0__MONOTONE_L2_s3312,B09-CHAMP,B09,persuasive oratory,CHAMP,26-45,American (New England),M,typical,C0,,MONOTONE,Intonation,2,2,65.9082,extra,generator,see LICENSES.md,28d0688866f7c32a4a9d428453b6f39270ad48529b0554c5ed9af8f74353cf55,American (Massachusetts),formal oratory,False,
B09-CHAMP_C0__MONOTONE_L3_s3312,B09-CHAMP,B09,persuasive oratory,CHAMP,26-45,American (New England),M,typical,C0,,MONOTONE,Intonation,3,2,65.909,extra,generator,see LICENSES.md,9fc08eba75b61f059af4cdbd13d29d41f8d360ddc60d07db2f66fba96b4376f3,American (Massachusetts),formal oratory,False,
B09-CHAMP_C0__MONOTONE_L4_s3312,B09-CHAMP,B09,persuasive oratory,CHAMP,26-45,American (New England),M,typical,C0,,MONOTONE,Intonation,4,2,65.9116,extra,generator,see LICENSES.md,5243c22992e3c3f776a4f23f2b62e6b4e6b65a0cb3547d4129b7e181f67c407b,American (Massachusetts),formal oratory,False,
B09-CHAMP_C0__MONOTONE_L5_s3312,B09-CHAMP,B09,persuasive oratory,CHAMP,26-45,American (New England),M,typical,C0,,MONOTONE,Intonation,5,2,65.9105,extra,generator,see LICENSES.md,81a4fdb2c05df8d51f2da21c1685961306e7334006c86a5a1850fc598d47439f,American (Massachusetts),formal oratory,False,
B09-CHAMP_C0__MULTI1_L3_s3961,B09-CHAMP,B09,persuasive oratory,CHAMP,26-45,American (New England),M,typical,C0,,FADE|PACE_FAST,Pacing|Volume,3,2,65.224,extra,generator,see LICENSES.md,c5944212c0287c4f1b230bd97c978a3cdc6eb400f1820857cc71baf98775878a,American (Massachusetts),formal oratory,False,PACE_FAST|FADE
B09-CHAMP_C0__MULTI2_L3_s7795,B09-CHAMP,B09,persuasive oratory,CHAMP,26-45,American (New England),M,typical,C0,,MONOTONE|PAUSE_BAD,Intonation|Pausing,3,3,66.9944,extra,generator,see LICENSES.md,9426861c78e0ea57c8b3053720c620d9763921085ec82562ec5884bf7d7ddb7c,American (Massachusetts),formal oratory,False,PAUSE_BAD|MONOTONE
B09-CHAMP_C0__MULTI3_L3_s9029,B09-CHAMP,B09,persuasive oratory,CHAMP,26-45,American (New England),M,typical,C0,,FILLER|SLUR|UPTALK,Clarity|Fluency|Intonation,3,4,66.6394,extra,generator,see LICENSES.md,5693c0af9e7a97e4ca8e81c4e37d79970d298f1eb16a807b26cc969fa6462ad6,American (Massachusetts),formal oratory,False,FILLER|UPTALK|SLUR
B09-CHAMP_C0__MULTI4_L3_s9878,B09-CHAMP,B09,persuasive oratory,CHAMP,26-45,American (New England),M,typical,C0,,EMPH_FLAT|PACE_SLOW|SHOUT,Intonation|Pacing|Volume,3,3,66.8473,extra,generator,see LICENSES.md,89c0e65a6195e2588d59757266aea0de885e742ad832cf68519d3d6901907959,American (Massachusetts),formal oratory,False,EMPH_FLAT|PACE_SLOW|SHOUT
B09-CHAMP_C0__MULTI5_L3_s0640,B09-CHAMP,B09,persuasive oratory,CHAMP,26-45,American (New England),M,typical,C0,,RARE_HESIT|REPEAT|WORD_SWAP,Fluency|Text fidelity,3,5,68.0805,extra,generator,see LICENSES.md,94be833caf80aa523c25ca96152991472b2568087da7ebcf5a28c70826299354,American (Massachusetts),formal oratory,False,REPEAT|RARE_HESIT|WORD_SWAP
B09-CHAMP_C0__PACE_FAST_L1_s1273,B09-CHAMP,B09,persuasive oratory,CHAMP,26-45,American (New England),M,typical,C0,,PACE_FAST,Pacing,1,1,65.6751,extra,generator,see LICENSES.md,73b13f5b9d785ffa4228468ec40f8b2fe6f3ed327bdf82cb1114226459dfd3b6,American (Massachusetts),formal oratory,False,
B09-CHAMP_C0__PACE_FAST_L2_s1273,B09-CHAMP,B09,persuasive oratory,CHAMP,26-45,American (New England),M,typical,C0,,PACE_FAST,Pacing,2,1,65.4458,extra,generator,see LICENSES.md,db826e19f3e8a9cd3151855f87679208f4c7183fdcdab0d808f57360d704ecf0,American (Massachusetts),formal oratory,False,
B09-CHAMP_C0__PACE_FAST_L3_s1273,B09-CHAMP,B09,persuasive oratory,CHAMP,26-45,American (New England),M,typical,C0,,PACE_FAST,Pacing,3,1,65.1161,extra,generator,see LICENSES.md,2a47bf3720ec64941122cd52adfe883c45c05c3cabe03e6fba6e2c7afaf5e5e4,American (Massachusetts),formal oratory,False,
B09-CHAMP_C0__PACE_FAST_L4_s1273,B09-CHAMP,B09,persuasive oratory,CHAMP,26-45,American (New England),M,typical,C0,,PACE_FAST,Pacing,4,1,64.9062,extra,generator,see LICENSES.md,e895e0aea577b9bdbd55cf6eddaaabe88674482ff504cd8690a06940cd92fb4b,American (Massachusetts),formal oratory,False,
B09-CHAMP_C0__PACE_FAST_L5_s1273,B09-CHAMP,B09,persuasive oratory,CHAMP,26-45,American (New England),M,typical,C0,,PACE_FAST,Pacing,5,1,64.5637,extra,generator,see LICENSES.md,57ed6b008dd1d6d9f24c69cc802559c8246ebf91c5b8c4a7f9934aacab9fc8ec,American (Massachusetts),formal oratory,False,
B09-CHAMP_C0__PACE_SLOW_L1_s4496,B09-CHAMP,B09,persuasive oratory,CHAMP,26-45,American (New England),M,typical,C0,,PACE_SLOW,Pacing,1,1,66.2741,extra,generator,see LICENSES.md,d404986ceef2b1bcceacff0a18a7f5ad75162f8014f26c7eee357043e391dfaa,American (Massachusetts),formal oratory,False,
B09-CHAMP_C0__PACE_SLOW_L2_s4496,B09-CHAMP,B09,persuasive oratory,CHAMP,26-45,American (New England),M,typical,C0,,PACE_SLOW,Pacing,2,1,66.68,extra,generator,see LICENSES.md,535fbbf64f1b796b2dc11cc6692acfb0f7df152472b12b60882cc26219fcec89,American (Massachusetts),formal oratory,False,
B09-CHAMP_C0__PACE_SLOW_L3_s4496,B09-CHAMP,B09,persuasive oratory,CHAMP,26-45,American (New England),M,typical,C0,,PACE_SLOW,Pacing,3,1,67.1705,extra,generator,see LICENSES.md,4283d93ea5a2d65a596c32271bffa7b461077d7cc39fed3468d4715a5da493d4,American (Massachusetts),formal oratory,False,
B09-CHAMP_C0__PACE_SLOW_L4_s4496,B09-CHAMP,B09,persuasive oratory,CHAMP,26-45,American (New England),M,typical,C0,,PACE_SLOW,Pacing,4,1,67.8473,extra,generator,see LICENSES.md,f1ddd0adf5126a0f212ebd108bf5a73b7d21dda06e4f33c5a8d3fd08bdc5a7dd,American (Massachusetts),formal oratory,False,
B09-CHAMP_C0__PACE_SLOW_L5_s4496,B09-CHAMP,B09,persuasive oratory,CHAMP,26-45,American (New England),M,typical,C0,,PACE_SLOW,Pacing,5,1,67.9946,extra,generator,see LICENSES.md,0fb8c9169da6e437d07d5dfb4fe34bdb6f7d6d257617da079c3a62e0e8da8641,American (Massachusetts),formal oratory,False,
B09-CHAMP_C0__PAUSE_BAD_L1_s6835,B09-CHAMP,B09,persuasive oratory,CHAMP,26-45,American (New England),M,typical,C0,,PAUSE_BAD,Pausing,1,3,66.4988,extra,generator,see LICENSES.md,bf42d63bc1fbc2756178fa7b79825b3b52f7419df39b0ec81c16fa8b7b13d218,American (Massachusetts),formal oratory,False,
B09-CHAMP_C0__PAUSE_BAD_L2_s6835,B09-CHAMP,B09,persuasive oratory,CHAMP,26-45,American (New England),M,typical,C0,,PAUSE_BAD,Pausing,2,3,67.1097,extra,generator,see LICENSES.md,3183939c041b12c92f6b7d8725d1d7af17d61129ec6af6a41c8bcc9f3d380fbe,American (Massachusetts),formal oratory,False,
B09-CHAMP_C0__PAUSE_BAD_L3_s6835,B09-CHAMP,B09,persuasive oratory,CHAMP,26-45,American (New England),M,typical,C0,,PAUSE_BAD,Pausing,3,3,67.9191,extra,generator,see LICENSES.md,92d9d70eeb887561dc4d03428580f89dcabda32a6ce3e97d85ad1554f58a8daa,American (Massachusetts),formal oratory,False,
B09-CHAMP_C0__PAUSE_BAD_L4_s6835,B09-CHAMP,B09,persuasive oratory,CHAMP,26-45,American (New England),M,typical,C0,,PAUSE_BAD,Pausing,4,3,69.1267,extra,generator,see LICENSES.md,3e4fd5e715868bea3b5a41a30454a02c5418c244371f373bc8507afc64fc3051,American (Massachusetts),formal oratory,False,
B09-CHAMP_C0__PAUSE_BAD_L5_s6835,B09-CHAMP,B09,persuasive oratory,CHAMP,26-45,American (New England),M,typical,C0,,PAUSE_BAD,Pausing,5,3,70.9418,extra,generator,see LICENSES.md,128b686b7cd2b47dcd636bc8057078a70ba1a8b372d7616451ea5e53bc450cb5,American (Massachusetts),formal oratory,False,
B09-CHAMP_C0__PAUSE_LOST_L1_s8383,B09-CHAMP,B09,persuasive oratory,CHAMP,26-45,American (New England),M,typical,C0,,PAUSE_LOST,Pausing,1,3,65.3143,extra,generator,see LICENSES.md,31213962ff871784d7683332cc989a5b32c23e3b97ec651305e39ba31f9a0be9,American (Massachusetts),formal oratory,False,
B09-CHAMP_C0__PAUSE_LOST_L2_s8383,B09-CHAMP,B09,persuasive oratory,CHAMP,26-45,American (New England),M,typical,C0,,PAUSE_LOST,Pausing,2,3,64.7054,extra,generator,see LICENSES.md,4b2cdf9109a2eef162c747f58f69b8929e5584e2e201a4b1dcba68a8cb940738,American (Massachusetts),formal oratory,False,
B09-CHAMP_C0__PAUSE_LOST_L3_s8383,B09-CHAMP,B09,persuasive oratory,CHAMP,26-45,American (New England),M,typical,C0,,PAUSE_LOST,Pausing,3,3,64.0853,extra,generator,see LICENSES.md,efab1d687f9c634a1c6c664ff94e7fab9dd1071877a1a7a4fff8ec8788bcdd95,American (Massachusetts),formal oratory,False,
B09-CHAMP_C0__PAUSE_LOST_L4_s8383,B09-CHAMP,B09,persuasive oratory,CHAMP,26-45,American (New England),M,typical,C0,,PAUSE_LOST,Pausing,4,3,63.4735,extra,generator,see LICENSES.md,3e89eee4cf97f300631127e354e924e95b258bb3959824d905732cec2e6afd8b,American (Massachusetts),formal oratory,False,
B09-CHAMP_C0__PAUSE_LOST_L5_s8383,B09-CHAMP,B09,persuasive oratory,CHAMP,26-45,American (New England),M,typical,C0,,PAUSE_LOST,Pausing,5,3,63.0102,extra,generator,see LICENSES.md,9fc72c1ec473b7608742fbefe296d1eb84fd0f62082710f863d0f8edcff12ea0,American (Massachusetts),formal oratory,False,
B09-CHAMP_C0__RARE_HESIT_L1_s8821,B09-CHAMP,B09,persuasive oratory,CHAMP,26-45,American (New England),M,typical,C0,,RARE_HESIT,Fluency,1,1,66.1938,extra,generator,see LICENSES.md,ede1959672f321c64b9a01ef41d5bb314c16ab908f5e710540f834b54cd0a0de,American (Massachusetts),formal oratory,False,
B09-CHAMP_C0__RARE_HESIT_L2_s8821,B09-CHAMP,B09,persuasive oratory,CHAMP,26-45,American (New England),M,typical,C0,,RARE_HESIT,Fluency,2,1,66.4169,extra,generator,see LICENSES.md,d8f3661be1b6c3607d23fc84c958dab821203b95290e935cc5a3d680a3a2c8e0,American (Massachusetts),formal oratory,False,
B09-CHAMP_C0__RARE_HESIT_L3_s8821,B09-CHAMP,B09,persuasive oratory,CHAMP,26-45,American (New England),M,typical,C0,,RARE_HESIT,Fluency,3,1,67.0515,extra,generator,see LICENSES.md,c7266b22e46cf424d897d366388a4305932fe8ed10ed715bf9c54118a914460d,American (Massachusetts),formal oratory,False,
B09-CHAMP_C0__RARE_HESIT_L4_s8821,B09-CHAMP,B09,persuasive oratory,CHAMP,26-45,American (New England),M,typical,C0,,RARE_HESIT,Fluency,4,1,67.3931,extra,generator,see LICENSES.md,b3b103018dde18f984af4df5546ea317454c4ab4eb5d782533556a1c0eaa4237,American (Massachusetts),formal oratory,False,
B09-CHAMP_C0__RARE_HESIT_L5_s8821,B09-CHAMP,B09,persuasive oratory,CHAMP,26-45,American (New England),M,typical,C0,,RARE_HESIT,Fluency,5,1,68.0449,extra,generator,see LICENSES.md,a5e08bc4db404aa6ffd6733d487282853fe0b771c598377565b8be526f5c0521,American (Massachusetts),formal oratory,False,
B09-CHAMP_C0__REPEAT_L1_s3882,B09-CHAMP,B09,persuasive oratory,CHAMP,26-45,American (New England),M,typical,C0,,REPEAT,Fluency,1,2,67.9898,extra,generator,see LICENSES.md,ea88b457d439c39cd6d3fd84c37766a5e1a6a3299efbf52e78f2b6a55c636597,American (Massachusetts),formal oratory,False,
B09-CHAMP_C0__REPEAT_L2_s3882,B09-CHAMP,B09,persuasive oratory,CHAMP,26-45,American (New England),M,typical,C0,,REPEAT,Fluency,2,2,69.9797,extra,generator,see LICENSES.md,df48c88aa703d8d854be9a9396930cfcc9ec5dd63e153adaa0eae5ace702bc24,American (Massachusetts),formal oratory,False,
B09-CHAMP_C0__REPEAT_L3_s3882,B09-CHAMP,B09,persuasive oratory,CHAMP,26-45,American (New England),M,typical,C0,,REPEAT,Fluency,3,2,68.3653,extra,generator,see LICENSES.md,6ee6264bd4e883265f25dc5195b82117711c3ed59f4c7008ca196cac78729243,American (Massachusetts),formal oratory,False,
B09-CHAMP_C0__REPEAT_L4_s3882,B09-CHAMP,B09,persuasive oratory,CHAMP,26-45,American (New England),M,typical,C0,,REPEAT,Fluency,4,2,69.0424,extra,generator,see LICENSES.md,2b6e8f34e1042811c2d000a60570b7c540657a6e3cea3e4b0fe0fad9f22ba9d7,American (Massachusetts),formal oratory,False,
B09-CHAMP_C0__REPEAT_L5_s3882,B09-CHAMP,B09,persuasive oratory,CHAMP,26-45,American (New England),M,typical,C0,,REPEAT,Fluency,5,2,72.0538,extra,generator,see LICENSES.md,ba4ef22ad542104df11129d53ee6ff0ff89a22b7f850767922cf2a0c7a01e329,American (Massachusetts),formal oratory,False,
B09-CHAMP_C0__SHOUT_L1_s3065,B09-CHAMP,B09,persuasive oratory,CHAMP,26-45,American (New England),M,typical,C0,,SHOUT,Volume,1,1,65.9546,extra,generator,see LICENSES.md,1ca6755a4c4fca1c85b32ddd37568c5767e3f7badad52faed6ebf20968012591,American (Massachusetts),formal oratory,False,
B09-CHAMP_C0__SHOUT_L2_s3065,B09-CHAMP,B09,persuasive oratory,CHAMP,26-45,American (New England),M,typical,C0,,SHOUT,Volume,2,1,65.9553,extra,generator,see LICENSES.md,7d8389d63b78b72a9e3d5046173dbcacbcb25f044b3ceaea58bc4036049bb0b5,American (Massachusetts),formal oratory,False,
B09-CHAMP_C0__SHOUT_L3_s3065,B09-CHAMP,B09,persuasive oratory,CHAMP,26-45,American (New England),M,typical,C0,,SHOUT,Volume,3,1,65.951,extra,generator,see LICENSES.md,3ad148999f2fca7f72ec05962bf5f5452e8aa7770b2eb4c6019216d484cf4f84,American (Massachusetts),formal oratory,False,
B09-CHAMP_C0__SHOUT_L4_s3065,B09-CHAMP,B09,persuasive oratory,CHAMP,26-45,American (New England),M,typical,C0,,SHOUT,Volume,4,1,65.9519,extra,generator,see LICENSES.md,d9a377c3cb7aaf0ba3a9d3227a7ec36a9a11111e937a50a9cc88c06a0b020302,American (Massachusetts),formal oratory,False,
B09-CHAMP_C0__SHOUT_L5_s3065,B09-CHAMP,B09,persuasive oratory,CHAMP,26-45,American (New England),M,typical,C0,,SHOUT,Volume,5,1,65.9565,extra,generator,see LICENSES.md,199aead6106fc2472dcc3d661344a9b9e0b399c26ddd53f1b1c01aa6ac11e431,American (Massachusetts),formal oratory,False,
B09-CHAMP_C0__SLUR_L1_s5119,B09-CHAMP,B09,persuasive oratory,CHAMP,26-45,American (New England),M,typical,C0,,SLUR,Clarity,1,1,65.9524,extra,generator,see LICENSES.md,ff7776878d5f9dea950d4895e4d9c1f3d1b8e8da8361d140376ef46a844b87be,American (Massachusetts),formal oratory,False,
B09-CHAMP_C0__SLUR_L2_s5119,B09-CHAMP,B09,persuasive oratory,CHAMP,26-45,American (New England),M,typical,C0,,SLUR,Clarity,2,1,65.9524,extra,generator,see LICENSES.md,ba78eafbd9fa83dd0bb12e6a3e68845835fcaf9c2cc5a31fd27776f4af87da5d,American (Massachusetts),formal oratory,False,
B09-CHAMP_C0__SLUR_L3_s5119,B09-CHAMP,B09,persuasive oratory,CHAMP,26-45,American (New England),M,typical,C0,,SLUR,Clarity,3,1,65.9524,extra,generator,see LICENSES.md,12dde7b6b54fa7a44af42f36ab6cfc005bc7db53ad158a500dd2b3a8783f7db5,American (Massachusetts),formal oratory,False,
B09-CHAMP_C0__SLUR_L4_s5119,B09-CHAMP,B09,persuasive oratory,CHAMP,26-45,American (New England),M,typical,C0,,SLUR,Clarity,4,1,65.9524,extra,generator,see LICENSES.md,e79ef3f3eeb1a163a5e02450a8434bfd51e41059c7fe77334e4dd62199488348,American (Massachusetts),formal oratory,False,
B09-CHAMP_C0__SLUR_L5_s5119,B09-CHAMP,B09,persuasive oratory,CHAMP,26-45,American (New England),M,typical,C0,,SLUR,Clarity,5,1,65.9524,extra,generator,see LICENSES.md,1c449a47000c996744790a5760de0957db7abe90aa5101c65d7fc0736f619de8,American (Massachusetts),formal oratory,False,
B09-CHAMP_C0__UPTALK_L1_s7651,B09-CHAMP,B09,persuasive oratory,CHAMP,26-45,American (New England),M,typical,C0,,UPTALK,Intonation,1,1,65.9515,extra,generator,see LICENSES.md,d3fd2624760fd513f36fdedae013471e82a7f47b57a2c50fe7b339b111c2e0fc,American (Massachusetts),formal oratory,False,
B09-CHAMP_C0__UPTALK_L2_s7651,B09-CHAMP,B09,persuasive oratory,CHAMP,26-45,American (New England),M,typical,C0,,UPTALK,Intonation,2,1,65.9566,extra,generator,see LICENSES.md,ffa368f27dc8d23ff81775be71603636ca8f4ff1c5bf04a0c382cf523b02b40d,American (Massachusetts),formal oratory,False,
B09-CHAMP_C0__UPTALK_L3_s7651,B09-CHAMP,B09,persuasive oratory,CHAMP,26-45,American (New England),M,typical,C0,,UPTALK,Intonation,3,1,65.9566,extra,generator,see LICENSES.md,50782b49b438e227e5cd2f316d77135d8354ccc9c7ff3f66850df0783a812b91,American (Massachusetts),formal oratory,False,
B09-CHAMP_C0__UPTALK_L4_s7651,B09-CHAMP,B09,persuasive oratory,CHAMP,26-45,American (New England),M,typical,C0,,UPTALK,Intonation,4,1,65.956,extra,generator,see LICENSES.md,298c5c90f6c6f89afd19ff77fec50d8b9f90309c247d0fe7314cba4005ffca4c,American (Massachusetts),formal oratory,False,
B09-CHAMP_C0__UPTALK_L5_s7651,B09-CHAMP,B09,persuasive oratory,CHAMP,26-45,American (New England),M,typical,C0,,UPTALK,Intonation,5,1,65.9551,extra,generator,see LICENSES.md,e1f374c10513e9b4b22fa7c3ac9a41d03e42bafcb537dbd3b8c08c953da4f0bd,American (Massachusetts),formal oratory,False,
B09-CHAMP_C0__WORD_SKIP_L1_s5972,B09-CHAMP,B09,persuasive oratory,CHAMP,26-45,American (New England),M,typical,C0,,WORD_SKIP,Text fidelity,1,1,65.5476,extra,generator,see LICENSES.md,85f03f1952f41dd800a4a23a6fa0e4355f7c10a052962446fa19791c030860fb,American (Massachusetts),formal oratory,False,
B09-CHAMP_C0__WORD_SKIP_L2_s5972,B09-CHAMP,B09,persuasive oratory,CHAMP,26-45,American (New England),M,typical,C0,,WORD_SKIP,Text fidelity,2,2,65.2003,extra,generator,see LICENSES.md,0e648a66e6a834259b472a672aef1bdb39848b54ba8d2578ab32103459ebea21,American (Massachusetts),formal oratory,False,
B09-CHAMP_C0__WORD_SKIP_L3_s5972,B09-CHAMP,B09,persuasive oratory,CHAMP,26-45,American (New England),M,typical,C0,,WORD_SKIP,Text fidelity,3,3,63.864,extra,generator,see LICENSES.md,a6fddd6bd6f8805a35bcc7e95e1c35f26886ed6bd9744d7229f6de497ab3826d,American (Massachusetts),formal oratory,False,
B09-CHAMP_C0__WORD_SKIP_L4_s5972,B09-CHAMP,B09,persuasive oratory,CHAMP,26-45,American (New England),M,typical,C0,,WORD_SKIP,Text fidelity,4,5,62.8715,extra,generator,see LICENSES.md,b7d66f13641b8e5a5566d8eaedd8dc21a35fb38b533ff2f1675f97af090c695c,American (Massachusetts),formal oratory,False,
B09-CHAMP_C0__WORD_SKIP_L5_s5972,B09-CHAMP,B09,persuasive oratory,CHAMP,26-45,American (New England),M,typical,C0,,WORD_SKIP,Text fidelity,5,8,60.9886,extra,generator,see LICENSES.md,6216d7225e2d8d4730c143ba2ceff79489e503587f4536f49b429feff363f541,American (Massachusetts),formal oratory,False,
B09-CHAMP_C0__WORD_SWAP_L1_s6360,B09-CHAMP,B09,persuasive oratory,CHAMP,26-45,American (New England),M,typical,C0,,WORD_SWAP,Text fidelity,1,1,65.9551,extra,generator,see LICENSES.md,aaf498c3300849160c15341fd928282627c117af00f1f06bb1d059961ad8ad0b,American (Massachusetts),formal oratory,False,
B09-CHAMP_C0__WORD_SWAP_L2_s6360,B09-CHAMP,B09,persuasive oratory,CHAMP,26-45,American (New England),M,typical,C0,,WORD_SWAP,Text fidelity,2,2,65.9039,extra,generator,see LICENSES.md,d10c4455ae57703ca09f38d8b31fd6cf6b747ad30f5ff94cbbb5da9dc9b9c4ef,American (Massachusetts),formal oratory,False,
B09-CHAMP_C0__WORD_SWAP_L3_s6360,B09-CHAMP,B09,persuasive oratory,CHAMP,26-45,American (New England),M,typical,C0,,WORD_SWAP,Text fidelity,3,3,65.8597,extra,generator,see LICENSES.md,48ee4faa4eb041c1d5696f2abb1f5378b8e8882d21ecc69371795d686092f10b,American (Massachusetts),formal oratory,False,
B09-CHAMP_C0__WORD_SWAP_L4_s6360,B09-CHAMP,B09,persuasive oratory,CHAMP,26-45,American (New England),M,typical,C0,,WORD_SWAP,Text fidelity,4,5,65.7663,extra,generator,see LICENSES.md,3cf969cd6ac14f014e830b386c89f6ea0993ca7e38788747ba73860416a6cda6,American (Massachusetts),formal oratory,False,
B09-CHAMP_C0__WORD_SWAP_L5_s6360,B09-CHAMP,B09,persuasive oratory,CHAMP,26-45,American (New England),M,typical,C0,,WORD_SWAP,Text fidelity,5,8,65.6376,extra,generator,see LICENSES.md,0eaac0e804d629c34159dae3a572afdd3e50146c847776cb9ac4b5c41a874b39,American (Massachusetts),formal oratory,False,
B09-CHAMP_GAIN,B09-CHAMP,B09,persuasive oratory,CHAMP,26-45,American (New England),M,typical,C0,GAIN,,,0,0,66.0,extra,generator,see LICENSES.md,9e5660738d2c5c606ec67c52ae4b01bb95390da197e3e55248dc8fd73119d0fc,American (Massachusetts),formal oratory,False,
B09-CHAMP_MP3,B09-CHAMP,B09,persuasive oratory,CHAMP,26-45,American (New England),M,typical,C0,MP3,,,0,0,66.0,extra,generator,see LICENSES.md,be8e63231bd58465597f900dca71151e03a77671f3d1bbcb0a189c988f1260d0,American (Massachusetts),formal oratory,False,
B09-CHAMP_N10,B09-CHAMP,B09,persuasive oratory,CHAMP,26-45,American (New England),M,typical,C0,N10,,,0,0,66.0,extra,generator,see LICENSES.md,bf17a7f2105b5b1b5762f8027f6068614a9223c58d3379811e27d47b75557228,American (Massachusetts),formal oratory,False,
B09-CHAMP_N20,B09-CHAMP,B09,persuasive oratory,CHAMP,26-45,American (New England),M,typical,C0,N20,,,0,0,66.0,extra,generator,see LICENSES.md,d6a80b9ad1bf19f458c13330f53ce0a4ac19afb287cdadae3828aa54cfa0ee49,American (Massachusetts),formal oratory,False,
B09-CHAMP_PHN,B09-CHAMP,B09,persuasive oratory,CHAMP,26-45,American (New England),M,typical,C0,PHN,,,0,0,66.0,extra,generator,see LICENSES.md,e2ce9b71b091fad0b45b2315d94af305e966a2bcc0599915cb0faa5781bc1930,American (Massachusetts),formal oratory,False,
B09-CHAMP_RVB,B09-CHAMP,B09,persuasive oratory,CHAMP,26-45,American (New England),M,typical,C0,RVB,,,0,0,66.0,extra,generator,see LICENSES.md,54feb40e84879be952653f162b490d0e3084d7911d9b855b75ad1386985b1370,American (Massachusetts),formal oratory,False,
B10-CHAMP_C0__EMPH_FLAT_L1_s3177,B10-CHAMP,B10,persuasive oratory,CHAMP,26-45,American (New England),M,typical,C0,,EMPH_FLAT,Intonation,1,3,61.407,extra,generator,see LICENSES.md,e68ffe85343aa3b375af63a7e9ee584a594d655e2ebd26becb59b9cbfd248df0,American (Massachusetts),formal oratory,False,
B10-CHAMP_C0__EMPH_FLAT_L2_s3177,B10-CHAMP,B10,persuasive oratory,CHAMP,26-45,American (New England),M,typical,C0,,EMPH_FLAT,Intonation,2,3,61.2993,extra,generator,see LICENSES.md,2e0f8a4573134bb15ea3361baf2b6ff179d0600929632788985bf512c0607f85,American (Massachusetts),formal oratory,False,
B10-CHAMP_C0__EMPH_FLAT_L3_s3177,B10-CHAMP,B10,persuasive oratory,CHAMP,26-45,American (New England),M,typical,C0,,EMPH_FLAT,Intonation,3,3,61.1621,extra,generator,see LICENSES.md,534672a6ec8804a0f910fcd01475d4a9eeb2f2f6d573b3cb81c35182e66f6bb4,American (Massachusetts),formal oratory,False,
B10-CHAMP_C0__EMPH_FLAT_L4_s3177,B10-CHAMP,B10,persuasive oratory,CHAMP,26-45,American (New England),M,typical,C0,,EMPH_FLAT,Intonation,4,3,61.0008,extra,generator,see LICENSES.md,bc4f203733a88b49a018c6c6acd1bd991ea4358b75dd481e58bb476de87f36cc,American (Massachusetts),formal oratory,False,
B10-CHAMP_C0__EMPH_FLAT_L5_s3177,B10-CHAMP,B10,persuasive oratory,CHAMP,26-45,American (New England),M,typical,C0,,EMPH_FLAT,Intonation,5,3,60.8634,extra,generator,see LICENSES.md,19ca96e88d3cfb8f8fa75e93677bdaf2e2368ae524ef91722970bb0d895a48c0,American (Massachusetts),formal oratory,False,
B10-CHAMP_C0__FADE_L1_s8882,B10-CHAMP,B10,persuasive oratory,CHAMP,26-45,American (New England),M,typical,C0,,FADE,Volume,1,1,62.0596,extra,generator,see LICENSES.md,ed46649d0710a3890d8d276a36598a360003e31eebc003204111be51557dcb29,American (Massachusetts),formal oratory,False,
B10-CHAMP_C0__FADE_L2_s8882,B10-CHAMP,B10,persuasive oratory,CHAMP,26-45,American (New England),M,typical,C0,,FADE,Volume,2,1,62.0596,extra,generator,see LICENSES.md,1bdb3296d1fa543259db0ecee7caf7a7161b5dce9fbfaa13e336ab6275dec865,American (Massachusetts),formal oratory,False,
B10-CHAMP_C0__FADE_L3_s8882,B10-CHAMP,B10,persuasive oratory,CHAMP,26-45,American (New England),M,typical,C0,,FADE,Volume,3,1,62.0596,extra,generator,see LICENSES.md,28c76db81670bf8f6657dbf98351b21cdeb86a7052a36ab74947e29cb13a3e3a,American (Massachusetts),formal oratory,False,
B10-CHAMP_C0__FADE_L4_s8882,B10-CHAMP,B10,persuasive oratory,CHAMP,26-45,American (New England),M,typical,C0,,FADE,Volume,4,1,62.0596,extra,generator,see LICENSES.md,cfbb2de24b7ea3eada90df0dbea037605273f219d5c4fbc14606f3ebfa73ff21,American (Massachusetts),formal oratory,False,
B10-CHAMP_C0__FADE_L5_s8882,B10-CHAMP,B10,persuasive oratory,CHAMP,26-45,American (New England),M,typical,C0,,FADE,Volume,5,1,62.0596,extra,generator,see LICENSES.md,75bea54a38a72f51911bb12f5efd75fe25aba63e83c90cbaf4064718ecb8a8e2,American (Massachusetts),formal oratory,False,
B10-CHAMP_C0__FILLER_L1_s1607,B10-CHAMP,B10,persuasive oratory,CHAMP,26-45,American (New England),M,typical,C0,,FILLER,Fluency,1,2,62.7815,extra,generator,see LICENSES.md,641ccfe173e8a0cbc9394989389bcf958b7809c39133f1a54ce50b7b265ccd23,American (Massachusetts),formal oratory,False,
B10-CHAMP_C0__FILLER_L2_s1607,B10-CHAMP,B10,persuasive oratory,CHAMP,26-45,American (New England),M,typical,C0,,FILLER,Fluency,2,4,63.3362,extra,generator,see LICENSES.md,f8de4a8c9cfab1e4284611bdf15b9bdd52f20f421f7a666176220586c05e955e,American (Massachusetts),formal oratory,False,
B10-CHAMP_C0__FILLER_L3_s1607,B10-CHAMP,B10,persuasive oratory,CHAMP,26-45,American (New England),M,typical,C0,,FILLER,Fluency,3,6,63.8422,extra,generator,see LICENSES.md,51852c33661874449216b5dcd00756889553be6b6ff11797735c03c29221aba4,American (Massachusetts),formal oratory,False,
B10-CHAMP_C0__FILLER_L4_s1607,B10-CHAMP,B10,persuasive oratory,CHAMP,26-45,American (New England),M,typical,C0,,FILLER,Fluency,4,10,64.9009,extra,generator,see LICENSES.md,e20f16dd5f6a8e5134342010cd4de8136bb2c52f4d3b6b08c0a24b7cbbd406f3,American (Massachusetts),formal oratory,False,
B10-CHAMP_C0__FILLER_L5_s1607,B10-CHAMP,B10,persuasive oratory,CHAMP,26-45,American (New England),M,typical,C0,,FILLER,Fluency,5,16,67.4107,extra,generator,see LICENSES.md,4cd042e9035b4ea0a61b1a3b4624a4479f221d4af5b1fb8e9528d8d5fef54e40,American (Massachusetts),formal oratory,False,
B10-CHAMP_C0__MONOTONE_L1_s8557,B10-CHAMP,B10,persuasive oratory,CHAMP,26-45,American (New England),M,typical,C0,,MONOTONE,Intonation,1,2,62.0058,extra,generator,see LICENSES.md,339f65ec8c398f4abb02e4f8b227dba52d5fe658cd0ae7f5ff4d5c4be4736b61,American (Massachusetts),formal oratory,False,
B10-CHAMP_C0__MONOTONE_L2_s8557,B10-CHAMP,B10,persuasive oratory,CHAMP,26-45,American (New England),M,typical,C0,,MONOTONE,Intonation,2,2,62.0048,extra,generator,see LICENSES.md,d3fb0a658f49bbf26017ea466c3aaf5cd638b6da57a555bda2c9ad098b12a413,American (Massachusetts),formal oratory,False,
B10-CHAMP_C0__MONOTONE_L3_s8557,B10-CHAMP,B10,persuasive oratory,CHAMP,26-45,American (New England),M,typical,C0,,MONOTONE,Intonation,3,2,62.0035,extra,generator,see LICENSES.md,0bd195fd7e89f787f13ae4d4388df518bc4c590e9292b8983896967e011e0c04,American (Massachusetts),formal oratory,False,
B10-CHAMP_C0__MONOTONE_L4_s8557,B10-CHAMP,B10,persuasive oratory,CHAMP,26-45,American (New England),M,typical,C0,,MONOTONE,Intonation,4,2,62.0068,extra,generator,see LICENSES.md,ce42efa96cf81e23d6ca5e8a95ee6d190fb23fd8cd4130898739fd2c01485e66,American (Massachusetts),formal oratory,False,
B10-CHAMP_C0__MONOTONE_L5_s8557,B10-CHAMP,B10,persuasive oratory,CHAMP,26-45,American (New England),M,typical,C0,,MONOTONE,Intonation,5,2,62.005,extra,generator,see LICENSES.md,8e69b038ca7cd56f2ee0d536dcbd3110f23abd04311773f5148aac880d53e30c,American (Massachusetts),formal oratory,False,
B10-CHAMP_C0__MULTI1_L3_s2289,B10-CHAMP,B10,persuasive oratory,CHAMP,26-45,American (New England),M,typical,C0,,FADE|PACE_FAST,Pacing|Volume,3,2,61.3093,extra,generator,see LICENSES.md,593f781631dc90c444f83a969ec0d8e8e8f910085890ccff255f8277a28fdf03,American (Massachusetts),formal oratory,False,PACE_FAST|FADE
B10-CHAMP_C0__MULTI2_L3_s9803,B10-CHAMP,B10,persuasive oratory,CHAMP,26-45,American (New England),M,typical,C0,,MONOTONE|PAUSE_BAD,Intonation|Pausing,3,3,63.1638,extra,generator,see LICENSES.md,60e81d9665317dde3ff35e93bb481cba4a0364f0361d0a5d70e078d9fe964100,American (Massachusetts),formal oratory,False,PAUSE_BAD|MONOTONE
B10-CHAMP_C0__MULTI3_L3_s9117,B10-CHAMP,B10,persuasive oratory,CHAMP,26-45,American (New England),M,typical,C0,,FILLER|SLUR|UPTALK,Clarity|Fluency|Intonation,3,4,62.555,extra,generator,see LICENSES.md,a0499bac47e745f25aaf30f609799b3015c240e161b2ab59ea8b9192a885080e,American (Massachusetts),formal oratory,False,FILLER|UPTALK|SLUR
B10-CHAMP_C0__MULTI4_L3_s7486,B10-CHAMP,B10,persuasive oratory,CHAMP,26-45,American (New England),M,typical,C0,,EMPH_FLAT|PACE_SLOW|SHOUT,Intonation|Pacing|Volume,3,3,62.7272,extra,generator,see LICENSES.md,695f705b2413e40bd69d38d201a361d102c1ecacd5b090053ad66541582dfb66,American (Massachusetts),formal oratory,False,EMPH_FLAT|PACE_SLOW|SHOUT
B10-CHAMP_C0__MULTI5_L3_s2552,B10-CHAMP,B10,persuasive oratory,CHAMP,26-45,American (New England),M,typical,C0,,RARE_HESIT|REPEAT|WORD_SWAP,Fluency|Text fidelity,3,5,63.76,extra,generator,see LICENSES.md,db56e4ceadf9e61c8128707bafa290a8bba1c89647df0e711c4d28ca77b9cd4b,American (Massachusetts),formal oratory,False,REPEAT|RARE_HESIT|WORD_SWAP
B10-CHAMP_C0__PACE_FAST_L1_s0917,B10-CHAMP,B10,persuasive oratory,CHAMP,26-45,American (New England),M,typical,C0,,PACE_FAST,Pacing,1,2,61.668,extra,generator,see LICENSES.md,62968d5480926b39ed592b88cbaba2d920bbcdf52a6b8a6a505a2a4aff0863c4,American (Massachusetts),formal oratory,False,
B10-CHAMP_C0__PACE_FAST_L2_s0917,B10-CHAMP,B10,persuasive oratory,CHAMP,26-45,American (New England),M,typical,C0,,PACE_FAST,Pacing,2,2,61.0802,extra,generator,see LICENSES.md,8d2bdde22e21f91a21faff9a4a7dbdfae8465cd03cfc25385f6889cc489e1be9,American (Massachusetts),formal oratory,False,
B10-CHAMP_C0__PACE_FAST_L3_s0917,B10-CHAMP,B10,persuasive oratory,CHAMP,26-45,American (New England),M,typical,C0,,PACE_FAST,Pacing,3,2,60.5349,extra,generator,see LICENSES.md,02b41ae7f6d5b0c20075d5478e6e248f6f9ad3a0b96ff19141fda9a35a7a844f,American (Massachusetts),formal oratory,False,
B10-CHAMP_C0__PACE_FAST_L4_s0917,B10-CHAMP,B10,persuasive oratory,CHAMP,26-45,American (New England),M,typical,C0,,PACE_FAST,Pacing,4,2,60.175,extra,generator,see LICENSES.md,d1d69cb78454fb27bd503722b1112947ea3cee5686612bb8ffb94983cc41cd82,American (Massachusetts),formal oratory,False,
B10-CHAMP_C0__PACE_FAST_L5_s0917,B10-CHAMP,B10,persuasive oratory,CHAMP,26-45,American (New England),M,typical,C0,,PACE_FAST,Pacing,5,2,59.5995,extra,generator,see LICENSES.md,c57dbf20813a12c3fc10b1188ef3f627011a27f646bc360b852b27e503fe5453,American (Massachusetts),formal oratory,False,
B10-CHAMP_C0__PACE_SLOW_L1_s1612,B10-CHAMP,B10,persuasive oratory,CHAMP,26-45,American (New England),M,typical,C0,,PACE_SLOW,Pacing,1,1,62.2982,extra,generator,see LICENSES.md,6ffea150c23532e64a4868745a9afaa560d4f9795e0de255f0a0ba194a4132d0,American (Massachusetts),formal oratory,False,
B10-CHAMP_C0__PACE_SLOW_L2_s1612,B10-CHAMP,B10,persuasive oratory,CHAMP,26-45,American (New England),M,typical,C0,,PACE_SLOW,Pacing,2,1,62.5983,extra,generator,see LICENSES.md,784857fe2d3ff66b6cb49145a7b3f372b0395a569f599f85531c304cdf659252,American (Massachusetts),formal oratory,False,
B10-CHAMP_C0__PACE_SLOW_L3_s1612,B10-CHAMP,B10,persuasive oratory,CHAMP,26-45,American (New England),M,typical,C0,,PACE_SLOW,Pacing,3,1,62.9967,extra,generator,see LICENSES.md,89fb902be618efe706f4b9843f4867d079e5e546e08d1673aebf50d18db6558c,American (Massachusetts),formal oratory,False,
B10-CHAMP_C0__PACE_SLOW_L4_s1612,B10-CHAMP,B10,persuasive oratory,CHAMP,26-45,American (New England),M,typical,C0,,PACE_SLOW,Pacing,4,1,63.4463,extra,generator,see LICENSES.md,47e486ce51731d7f7137a0b51c3b8fcb5e8e8f37f2896f503fd733dbd4588695,American (Massachusetts),formal oratory,False,
B10-CHAMP_C0__PACE_SLOW_L5_s1612,B10-CHAMP,B10,persuasive oratory,CHAMP,26-45,American (New England),M,typical,C0,,PACE_SLOW,Pacing,5,1,63.6947,extra,generator,see LICENSES.md,8ca69b539d17c11718302d515fa7975ed916588ee17521b88a662db047af13d6,American (Massachusetts),formal oratory,False,
B10-CHAMP_C0__PAUSE_BAD_L1_s9375,B10-CHAMP,B10,persuasive oratory,CHAMP,26-45,American (New England),M,typical,C0,,PAUSE_BAD,Pausing,1,4,62.8414,extra,generator,see LICENSES.md,65cb3e59c03d3b890fa48f03ade4ce272a052bdc02f5d51064c34940dd3880c7,American (Massachusetts),formal oratory,False,
B10-CHAMP_C0__PAUSE_BAD_L2_s9375,B10-CHAMP,B10,persuasive oratory,CHAMP,26-45,American (New England),M,typical,C0,,PAUSE_BAD,Pausing,2,4,63.751,extra,generator,see LICENSES.md,bae76e20b38b3b57442da396e4cb15a6b746e2c1492a21bb778c6598054da0b7,American (Massachusetts),formal oratory,False,
B10-CHAMP_C0__PAUSE_BAD_L3_s9375,B10-CHAMP,B10,persuasive oratory,CHAMP,26-45,American (New England),M,typical,C0,,PAUSE_BAD,Pausing,3,4,64.9608,extra,generator,see LICENSES.md,1af1878101e22b2418966a14dc39d06367fe07443543914b6eddd1e313aabba9,American (Massachusetts),formal oratory,False,
B10-CHAMP_C0__PAUSE_BAD_L4_s9375,B10-CHAMP,B10,persuasive oratory,CHAMP,26-45,American (New England),M,typical,C0,,PAUSE_BAD,Pausing,4,4,66.7717,extra,generator,see LICENSES.md,88445096aeaf730b4f14d23b22fed8d3b88cc9e66a5eb8abfbc0f6a32d4768ac,American (Massachusetts),formal oratory,False,
B10-CHAMP_C0__PAUSE_BAD_L5_s9375,B10-CHAMP,B10,persuasive oratory,CHAMP,26-45,American (New England),M,typical,C0,,PAUSE_BAD,Pausing,5,4,69.4662,extra,generator,see LICENSES.md,e9b0c893e5b350080f8de6519ba212d290d551d9dac462e076cb47128d20a0cf,American (Massachusetts),formal oratory,False,
B10-CHAMP_C0__PAUSE_LOST_L1_s4474,B10-CHAMP,B10,persuasive oratory,CHAMP,26-45,American (New England),M,typical,C0,,PAUSE_LOST,Pausing,1,1,61.8718,extra,generator,see LICENSES.md,dfd0a536bbc5c44308f6524305ffb085231ebf159adb1f93d1444b0f4f44f62f,American (Massachusetts),formal oratory,False,
B10-CHAMP_C0__PAUSE_LOST_L2_s4474,B10-CHAMP,B10,persuasive oratory,CHAMP,26-45,American (New England),M,typical,C0,,PAUSE_LOST,Pausing,2,1,61.6645,extra,generator,see LICENSES.md,5f2f4d5cee6dc34b16aaff9432fe1eeea97c635f7d430bdfba674154bb8df864,American (Massachusetts),formal oratory,False,
B10-CHAMP_C0__PAUSE_LOST_L3_s4474,B10-CHAMP,B10,persuasive oratory,CHAMP,26-45,American (New England),M,typical,C0,,PAUSE_LOST,Pausing,3,1,61.4562,extra,generator,see LICENSES.md,d6013181b12804b96551c5e92b90f66c0bf85677a6270ffe8f0697666311f1a8,American (Massachusetts),formal oratory,False,
B10-CHAMP_C0__PAUSE_LOST_L4_s4474,B10-CHAMP,B10,persuasive oratory,CHAMP,26-45,American (New England),M,typical,C0,,PAUSE_LOST,Pausing,4,1,61.249,extra,generator,see LICENSES.md,906c5870cea2dd6ebe4e14aca83ebd2ea3d5deb5df195e99e127a23c637a2e12,American (Massachusetts),formal oratory,False,
B10-CHAMP_C0__PAUSE_LOST_L5_s4474,B10-CHAMP,B10,persuasive oratory,CHAMP,26-45,American (New England),M,typical,C0,,PAUSE_LOST,Pausing,5,1,61.0879,extra,generator,see LICENSES.md,fa4cd3817f0574de872760af05364f85ca5c76dd1fc72235b4f9018c2b7f81f7,American (Massachusetts),formal oratory,False,
B10-CHAMP_C0__RARE_HESIT_L1_s7056,B10-CHAMP,B10,persuasive oratory,CHAMP,26-45,American (New England),M,typical,C0,,RARE_HESIT,Fluency,1,3,62.7291,extra,generator,see LICENSES.md,738d12067a644008545c3078ad175e628fa6999319fd6a66567606a2b4870aee,American (Massachusetts),formal oratory,False,
B10-CHAMP_C0__RARE_HESIT_L2_s7056,B10-CHAMP,B10,persuasive oratory,CHAMP,26-45,American (New England),M,typical,C0,,RARE_HESIT,Fluency,2,3,63.4269,extra,generator,see LICENSES.md,af8ab901632a2854836e4fde99891a523a91972579a448fb177e8aaee901ab00,American (Massachusetts),formal oratory,False,
B10-CHAMP_C0__RARE_HESIT_L3_s7056,B10-CHAMP,B10,persuasive oratory,CHAMP,26-45,American (New England),M,typical,C0,,RARE_HESIT,Fluency,3,3,64.9172,extra,generator,see LICENSES.md,5fa313413f9f5869294679dfb9c9d7cc1799477271d1f786e8017c19c1baceb4,American (Massachusetts),formal oratory,False,
B10-CHAMP_C0__RARE_HESIT_L4_s7056,B10-CHAMP,B10,persuasive oratory,CHAMP,26-45,American (New England),M,typical,C0,,RARE_HESIT,Fluency,4,3,65.9236,extra,generator,see LICENSES.md,e7d8fcc5ca5346975c2e41e3c9b0860f301e9ed7c614974e32818c9cd166d5d0,American (Massachusetts),formal oratory,False,
B10-CHAMP_C0__RARE_HESIT_L5_s7056,B10-CHAMP,B10,persuasive oratory,CHAMP,26-45,American (New England),M,typical,C0,,RARE_HESIT,Fluency,5,3,67.7317,extra,generator,see LICENSES.md,5f26416314e048a100f7a909c669a91232908e89f7b4dfa0cc1dc6043897a369,American (Massachusetts),formal oratory,False,
B10-CHAMP_C0__REPEAT_L1_s0722,B10-CHAMP,B10,persuasive oratory,CHAMP,26-45,American (New England),M,typical,C0,,REPEAT,Fluency,1,2,62.4523,extra,generator,see LICENSES.md,206e5ebdc7e62a6739a66b401b9bcd27326350fb9c75a6278da84ba4250cb2dd,American (Massachusetts),formal oratory,False,
B10-CHAMP_C0__REPEAT_L2_s0722,B10-CHAMP,B10,persuasive oratory,CHAMP,26-45,American (New England),M,typical,C0,,REPEAT,Fluency,2,2,62.9249,extra,generator,see LICENSES.md,e0efbd740930e69559ef61e3bcae8d682d7ae6960888f4e6b610e4801a2981b0,American (Massachusetts),formal oratory,False,
B10-CHAMP_C0__REPEAT_L3_s0722,B10-CHAMP,B10,persuasive oratory,CHAMP,26-45,American (New England),M,typical,C0,,REPEAT,Fluency,3,2,62.9371,extra,generator,see LICENSES.md,0e7c4f3d97cbc8ca676ad0d571789a8abbb80f69413cd0233e60a9cf6dfb45f6,American (Massachusetts),formal oratory,False,
B10-CHAMP_C0__REPEAT_L4_s0722,B10-CHAMP,B10,persuasive oratory,CHAMP,26-45,American (New England),M,typical,C0,,REPEAT,Fluency,4,2,64.1566,extra,generator,see LICENSES.md,83e0393c3023761036a18482a7408935189e4de0b2d4e74b6cf2c9dcc8cf2575,American (Massachusetts),formal oratory,False,
B10-CHAMP_C0__REPEAT_L5_s0722,B10-CHAMP,B10,persuasive oratory,CHAMP,26-45,American (New England),M,typical,C0,,REPEAT,Fluency,5,2,66.441,extra,generator,see LICENSES.md,6197c8235e234e07193cdb87f4f38dc65dfd27c5eeec886cae3b887b90aa4852,American (Massachusetts),formal oratory,False,
B10-CHAMP_C0__SHOUT_L1_s4295,B10-CHAMP,B10,persuasive oratory,CHAMP,26-45,American (New England),M,typical,C0,,SHOUT,Volume,1,3,61.9656,extra,generator,see LICENSES.md,a953b3c4551752b8031b89c333861637b3746c694ba8599cd7fd0910d946c74d,American (Massachusetts),formal oratory,False,
B10-CHAMP_C0__SHOUT_L2_s4295,B10-CHAMP,B10,persuasive oratory,CHAMP,26-45,American (New England),M,typical,C0,,SHOUT,Volume,2,3,61.9592,extra,generator,see LICENSES.md,2a817793191225bfe167e21053a02c3776c906e9e2916909159d4d06ab281d64,American (Massachusetts),formal oratory,False,
B10-CHAMP_C0__SHOUT_L3_s4295,B10-CHAMP,B10,persuasive oratory,CHAMP,26-45,American (New England),M,typical,C0,,SHOUT,Volume,3,3,61.9599,extra,generator,see LICENSES.md,298decebbf4855692e17b567d4c58b716f1be4529bbef84ba1f2c9fc07d9019a,American (Massachusetts),formal oratory,False,
B10-CHAMP_C0__SHOUT_L4_s4295,B10-CHAMP,B10,persuasive oratory,CHAMP,26-45,American (New England),M,typical,C0,,SHOUT,Volume,4,3,61.9639,extra,generator,see LICENSES.md,a002f9176b628d771ac2c8a54defd40f98fdc5f74618feb2540d8fcce46f9bd3,American (Massachusetts),formal oratory,False,
B10-CHAMP_C0__SHOUT_L5_s4295,B10-CHAMP,B10,persuasive oratory,CHAMP,26-45,American (New England),M,typical,C0,,SHOUT,Volume,5,3,61.9556,extra,generator,see LICENSES.md,791f6107ee69ebc3158874bb692d85d8197c7add2d78f1fa1498ec537552e21d,American (Massachusetts),formal oratory,False,
B10-CHAMP_C0__SLUR_L1_s5227,B10-CHAMP,B10,persuasive oratory,CHAMP,26-45,American (New England),M,typical,C0,,SLUR,Clarity,1,1,62.0524,extra,generator,see LICENSES.md,ffae8140815f8bba81e7484c5c40806bdb10a06eec800a2df6c07f69509ce7f1,American (Massachusetts),formal oratory,False,
B10-CHAMP_C0__SLUR_L2_s5227,B10-CHAMP,B10,persuasive oratory,CHAMP,26-45,American (New England),M,typical,C0,,SLUR,Clarity,2,1,62.0524,extra,generator,see LICENSES.md,ca7273c7b01575f5d7ead307a04afc2dd5ba056bd0b37b0e5c29627b8d74e46d,American (Massachusetts),formal oratory,False,
B10-CHAMP_C0__SLUR_L3_s5227,B10-CHAMP,B10,persuasive oratory,CHAMP,26-45,American (New England),M,typical,C0,,SLUR,Clarity,3,1,62.0524,extra,generator,see LICENSES.md,fbf8f4bddfd4d11cca08212282b85a910d2e066aa794b903077e9833bbe8adb5,American (Massachusetts),formal oratory,False,
B10-CHAMP_C0__SLUR_L4_s5227,B10-CHAMP,B10,persuasive oratory,CHAMP,26-45,American (New England),M,typical,C0,,SLUR,Clarity,4,1,62.0524,extra,generator,see LICENSES.md,9bfe5a5aa6e01504bd739a64362e45edd105963f4e4e2ace9a95643fb56b6b71,American (Massachusetts),formal oratory,False,
B10-CHAMP_C0__SLUR_L5_s5227,B10-CHAMP,B10,persuasive oratory,CHAMP,26-45,American (New England),M,typical,C0,,SLUR,Clarity,5,1,62.0527,extra,generator,see LICENSES.md,b84d884a97aeaa92e176238a7cb539a102d4f4b99ce3a33b7135bd9660ece278,American (Massachusetts),formal oratory,False,
B10-CHAMP_C0__UPTALK_L1_s0955,B10-CHAMP,B10,persuasive oratory,CHAMP,26-45,American (New England),M,typical,C0,,UPTALK,Intonation,1,1,62.0509,extra,generator,see LICENSES.md,98c68acb0283e1e5649f1ff014a956694424dc5a720f2fff2850977f40a04d44,American (Massachusetts),formal oratory,False,
B10-CHAMP_C0__UPTALK_L2_s0955,B10-CHAMP,B10,persuasive oratory,CHAMP,26-45,American (New England),M,typical,C0,,UPTALK,Intonation,2,1,62.0509,extra,generator,see LICENSES.md,53a987bd006486c32ca27aac7798bf698ffe435d3f874e443ba0493e83ac3ecd,American (Massachusetts),formal oratory,False,
B10-CHAMP_C0__UPTALK_L3_s0955,B10-CHAMP,B10,persuasive oratory,CHAMP,26-45,American (New England),M,typical,C0,,UPTALK,Intonation,3,1,62.0509,extra,generator,see LICENSES.md,950e9fcd3351b4ac54a15ffb8fe5a009bae687db82d4a1cbfba10b7bb7101c7c,American (Massachusetts),formal oratory,False,
B10-CHAMP_C0__UPTALK_L4_s0955,B10-CHAMP,B10,persuasive oratory,CHAMP,26-45,American (New England),M,typical,C0,,UPTALK,Intonation,4,1,62.0509,extra,generator,see LICENSES.md,662a5768972489775887603ee598f665a36bd5063f586d028ab25f6a15c6f11d,American (Massachusetts),formal oratory,False,
B10-CHAMP_C0__UPTALK_L5_s0955,B10-CHAMP,B10,persuasive oratory,CHAMP,26-45,American (New England),M,typical,C0,,UPTALK,Intonation,5,1,62.0509,extra,generator,see LICENSES.md,69776b7986d7e9a01c54d43e7a16b3498b246726fc2494298163430118d5ddac,American (Massachusetts),formal oratory,False,
B10-CHAMP_C0__WORD_SKIP_L1_s3400,B10-CHAMP,B10,persuasive oratory,CHAMP,26-45,American (New England),M,typical,C0,,WORD_SKIP,Text fidelity,1,1,61.6202,extra,generator,see LICENSES.md,bca918d718b7a5d523a104f491af792b6f0682b51a2cf10dedb893caed346ca2,American (Massachusetts),formal oratory,False,
B10-CHAMP_C0__WORD_SKIP_L2_s3400,B10-CHAMP,B10,persuasive oratory,CHAMP,26-45,American (New England),M,typical,C0,,WORD_SKIP,Text fidelity,2,2,61.4674,extra,generator,see LICENSES.md,71c1075c6b2c309be92a81b9dda82901851e6b9045f08fc4f17694bc05c35d9f,American (Massachusetts),formal oratory,False,
B10-CHAMP_C0__WORD_SKIP_L3_s3400,B10-CHAMP,B10,persuasive oratory,CHAMP,26-45,American (New England),M,typical,C0,,WORD_SKIP,Text fidelity,3,3,61.1039,extra,generator,see LICENSES.md,7734800c8e526feb074ec60c83f8cde162cfc54d9285b3a22eb23f5730fb85d3,American (Massachusetts),formal oratory,False,
B10-CHAMP_C0__WORD_SKIP_L4_s3400,B10-CHAMP,B10,persuasive oratory,CHAMP,26-45,American (New England),M,typical,C0,,WORD_SKIP,Text fidelity,4,5,59.7527,extra,generator,see LICENSES.md,712aa35a1397542ecedd7dfa34850cff33cefb92cc24f48c79d52e50f55d536e,American (Massachusetts),formal oratory,False,
B10-CHAMP_C0__WORD_SKIP_L5_s3400,B10-CHAMP,B10,persuasive oratory,CHAMP,26-45,American (New England),M,typical,C0,,WORD_SKIP,Text fidelity,5,8,58.8887,extra,generator,see LICENSES.md,215f1dea910ec36eb183a8198d793062ae5929c1d693eb487a91781b73599f5e,American (Massachusetts),formal oratory,False,
B10-CHAMP_C0__WORD_SWAP_L1_s7412,B10-CHAMP,B10,persuasive oratory,CHAMP,26-45,American (New England),M,typical,C0,,WORD_SWAP,Text fidelity,1,1,62.0588,extra,generator,see LICENSES.md,b75ad82af2ad4ba77d63d015e464aea2ec64849e0002cfcc651b6b6058262303,American (Massachusetts),formal oratory,False,
B10-CHAMP_C0__WORD_SWAP_L2_s7412,B10-CHAMP,B10,persuasive oratory,CHAMP,26-45,American (New England),M,typical,C0,,WORD_SWAP,Text fidelity,2,2,62.0138,extra,generator,see LICENSES.md,d3a06ef40963bf177e5a4e465f8a016268f9f619446f2527a7b289c9c53e3720,American (Massachusetts),formal oratory,False,
B10-CHAMP_C0__WORD_SWAP_L3_s7412,B10-CHAMP,B10,persuasive oratory,CHAMP,26-45,American (New England),M,typical,C0,,WORD_SWAP,Text fidelity,3,3,61.9637,extra,generator,see LICENSES.md,2c12d4e11d5cd7e5dd63bb863df93ac853762dfe677b52e91c17f50f4e889ce8,American (Massachusetts),formal oratory,False,
B10-CHAMP_C0__WORD_SWAP_L4_s7412,B10-CHAMP,B10,persuasive oratory,CHAMP,26-45,American (New England),M,typical,C0,,WORD_SWAP,Text fidelity,4,5,61.8676,extra,generator,see LICENSES.md,4571ea7e55033ee4c05465274884d3a2ae8984f29491d3ea3f29c4d25572e791,American (Massachusetts),formal oratory,False,
B10-CHAMP_C0__WORD_SWAP_L5_s7412,B10-CHAMP,B10,persuasive oratory,CHAMP,26-45,American (New England),M,typical,C0,,WORD_SWAP,Text fidelity,5,8,61.727,extra,generator,see LICENSES.md,62f5baa1bb51807fad1d7e0aec1147783dbac801e4bae82ebdccbcd2c3ed11a8,American (Massachusetts),formal oratory,False,
B10-CHAMP_GAIN,B10-CHAMP,B10,persuasive oratory,CHAMP,26-45,American (New England),M,typical,C0,GAIN,,,0,0,62.1,extra,generator,see LICENSES.md,a835405cbfeac0ba79fcbf2ed8852eb2f8d96b657f00e21f5fba8e4318e91524,American (Massachusetts),formal oratory,False,
B10-CHAMP_MP3,B10-CHAMP,B10,persuasive oratory,CHAMP,26-45,American (New England),M,typical,C0,MP3,,,0,0,62.1,extra,generator,see LICENSES.md,a5d5ead64075a90bf987c7f7abf8fe0a4ad026b0c360ffb9ebfdfa17195dcadc,American (Massachusetts),formal oratory,False,
B10-CHAMP_N10,B10-CHAMP,B10,persuasive oratory,CHAMP,26-45,American (New England),M,typical,C0,N10,,,0,0,62.1,extra,generator,see LICENSES.md,1b2de5d2d0c6240cbb0f86097a10343d5131853ebffbe929b438a9ecfc64e89a,American (Massachusetts),formal oratory,False,
B10-CHAMP_N20,B10-CHAMP,B10,persuasive oratory,CHAMP,26-45,American (New England),M,typical,C0,N20,,,0,0,62.1,extra,generator,see LICENSES.md,c0381b9a837bea6966240ba9b1c6ebb0add907c0b6360199d5286d50e2d5a3d2,American (Massachusetts),formal oratory,False,
B10-CHAMP_PHN,B10-CHAMP,B10,persuasive oratory,CHAMP,26-45,American (New England),M,typical,C0,PHN,,,0,0,62.1,extra,generator,see LICENSES.md,607d60ecb08ad1d5173674e790d1344ecebbeaa4bead041708725dce2c03bfc4,American (Massachusetts),formal oratory,False,
B10-CHAMP_RVB,B10-CHAMP,B10,persuasive oratory,CHAMP,26-45,American (New England),M,typical,C0,RVB,,,0,0,62.1,extra,generator,see LICENSES.md,b5af00b90aa4fe42c3f1d303cdc005e592528653ded71bf681a042b05f904c13,American (Massachusetts),formal oratory,False,
